Symbol,Manning_Name,Group,Family,SubFamily,UniProtID,Entrez,Synonyms,Kinase_Name,found,needs_denovo_design
AKT1,AKT1,AGC,Akt,,P31749,207,PKB RAC,RAC-alpha serine/threonine-protein kinase,True,False
AKT2,AKT2,AGC,Akt,,P31751,208,,RAC-beta serine/threonine-protein kinase,True,False
AKT3,AKT3,AGC,Akt,,Q9Y243,10000,PKBG,RAC-gamma serine/threonine-protein kinase,True,False
CDC42BPA,MRCKa,AGC,DMPK,GEK,Q5VT25,8476,KIAA0451,Serine/threonine-protein kinase MRCK alpha,True,False
CDC42BPB,MRCKb,AGC,DMPK,GEK,Q9Y5S2,9578,KIAA1124,Serine/threonine-protein kinase MRCK beta,True,False
CDC42BPG,DMPK2,AGC,DMPK,GEK,Q6DT37,55561,DMPK2,Serine/threonine-protein kinase MRCK gamma,True,False
CIT,CRIK,AGC,DMPK,,O14578,11113,CRIK KIAA0949 STK21,Citron Rho-interacting kinase,True,False
DMPK,DMPK1,AGC,DMPK,GEK,Q09013,1760,DM1PK MDPK,Myotonin-protein kinase,True,False
ROCK1,ROCK1,AGC,DMPK,ROCK,Q13464,6093,,Rho-associated protein kinase 1,True,False
ROCK2,ROCK2,AGC,DMPK,ROCK,O75116,9475,KIAA0619,Rho-associated protein kinase 2,True,False
GRK1,RHOK,AGC,GRK,GRK,Q15835,6011,RHOK,Rhodopsin kinase,False,True
GRK2,BARK1,AGC,GRK,BARK,P25098,156,ADRBK1 BARK BARK1,Beta-adrenergic receptor kinase 1,True,False
GRK3,BARK2,AGC,GRK,BARK,P35626,157,ADRBK2 BARK2,Beta-adrenergic receptor kinase 2,True,False
GRK4,GPRK4,AGC,GRK,GRK,P32298,2868,GPRK2L GPRK4,G protein-coupled receptor kinase 4,True,False
GRK5,GPRK5,AGC,GRK,GRK,P34947,2869,GPRK5,G protein-coupled receptor kinase 5,True,False
GRK6,GPRK6,AGC,GRK,GRK,P43250,2870,GPRK6,G protein-coupled receptor kinase 6,True,False
GRK7,GPRK7,AGC,GRK,GRK,Q8WTQ7,131890,GPRK7,G protein-coupled receptor kinase 7,True,False
MAST1,MAST1,AGC,MAST,,Q9Y2H9,22983,KIAA0973 SAST,Microtubule-associated serine/threonine-protein kinase 1,True,False
MAST2,MAST2,AGC,MAST,,Q6P0Q8,23139,KIAA0807 MAST205,Microtubule-associated serine/threonine-protein kinase 2,True,False
MAST3,MAST3,AGC,MAST,,O60307,23031,KIAA0561,Microtubule-associated serine/threonine-protein kinase 3,True,False
MAST4,MAST4,AGC,MAST,,O15021,375449,KIAA0303,Microtubule-associated serine/threonine-protein kinase 4,True,False
MASTL,MASTL,AGC,MAST,,Q96GX5,84930,GW GWL THC2,Serine/threonine-protein kinase greatwall,True,False
LATS1,LATS1,AGC,NDR,,O95835,9113,WARTS,Serine/threonine-protein kinase LATS1,True,False
LATS2,LATS2,AGC,NDR,,Q9NRM7,26524,KPM,Serine/threonine-protein kinase LATS2,True,False
STK38,NDR1,AGC,NDR,,Q15208,11329,NDR1,Serine/threonine-protein kinase 38,False,True
STK38L,NDR2,AGC,NDR,,Q9Y2H1,23012,KIAA0965 NDR2,Serine/threonine-protein kinase 38-like,True,False
PDPK1,PDK1,AGC,PDK1,,O15530,5170,PDK1,3-phosphoinositide-dependent protein kinase 1,True,False
PRKACA,PKACa,AGC,PKA,,P17612,5566,PKACA,cAMP-dependent protein kinase catalytic subunit alpha,True,False
PRKACB,PKACb,AGC,PKA,,P22694,5567,,cAMP-dependent protein kinase catalytic subunit beta,True,False
PRKACG,PKACg,AGC,PKA,,P22612,5568,,cAMP-dependent protein kinase catalytic subunit gamma,True,False
PRKX,PRKX,AGC,PKA,,P51817,5613,PKX1,cAMP-dependent protein kinase catalytic subunit PRKX,True,False
PRKY,PRKY,AGC,PKA,,O43930,,,Serine/threonine-protein kinase PRKY,False,True
PRKCA,PKCa,AGC,PKC,PKCa,P17252,5578,PKCA PRKACA,Protein kinase C alpha type,True,False
PRKCB,PKCb,AGC,PKC,PKCa,P05771,5579,PKCB PRKCB1,Protein kinase C beta type,True,False
PRKCD,PKCd,AGC,PKC,PKCd,Q05655,5580,PKCD,Protein kinase C delta type,True,False
PRKCE,PKCe,AGC,PKC,PKCh,Q02156,5581,PKCE,Protein kinase C epsilon type,True,False
PRKCG,PKCg,AGC,PKC,PKCa,P05129,5582,PKCG,Protein kinase C gamma type,True,False
PRKCH,PKCh,AGC,PKC,PKCh,P24723,5583,PKCL PRKCL,Protein kinase C eta type,True,False
PRKCI,PKCi,AGC,PKC,PKCi,P41743,5584,DXS1179E,Protein kinase C iota type,True,False
PRKCQ,PKCt,AGC,PKC,PKCd,Q04759,5588,PRKCT,Protein kinase C theta type,True,False
PRKCZ,PKCz,AGC,PKC,PKCi,Q05513,5590,PKC2,Protein kinase C zeta type,True,False
PRKG1,PKG1,AGC,PKG,,Q13976,5592,PRKG1B PRKGR1A PRKGR1B,cGMP-dependent protein kinase,True,False
PRKG2,PKG2,AGC,PKG,,Q13237,5593,PRKGR2,cGMP-dependent protein kinase 2,True,False
PKN1,PKN1,AGC,PKN,,Q16512,5585,PAK1 PKN PRK1 PRKCL1,Serine/threonine-protein kinase N1,True,False
PKN2,PKN2,AGC,PKN,,Q16513,5586,PRK2 PRKCL2,Serine/threonine-protein kinase N2,True,False
PKN3,PKN3,AGC,PKN,,Q6P5Z2,29941,PKNBETA,Serine/threonine-protein kinase N3,True,False
RPS6KA1,RSK3,AGC,RSK,RSKp90,Q15418,6195,MAPKAPK1A RSK1,Ribosomal protein S6 kinase alpha-1,True,False
RPS6KA2,RSK1,AGC,RSK,RSKp90,Q15349,6196,MAPKAPK1C RSK3,Ribosomal protein S6 kinase alpha-2,True,False
RPS6KA3,RSK2,AGC,RSK,RSKp90,P51812,6197,ISPK1 MAPKAPK1B RSK2,Ribosomal protein S6 kinase alpha-3,True,False
RPS6KB1,p70S6K,AGC,RSK,RSKp70,P23443,6198,STK14A,Ribosomal protein S6 kinase beta-1,True,False
RPS6KB2,p70S6Kb,AGC,RSK,RSKp70,Q9UBS0,6199,STK14B,Ribosomal protein S6 kinase beta-2,True,False
RPS6KC1,RSKL1,AGC,RSKL,,Q96S38,26750,RPK118,Ribosomal protein S6 kinase delta-1,True,False
RPS6KL1,RSKL2,AGC,RSKL,,Q9Y6S9,83694,,Ribosomal protein S6 kinase-like 1,True,False
RSKR,SgK494,AGC,RSKR,,Q96LW2,124923,SGK494,Uncharacterized serine/threonine-protein kinase SgK494,True,False
SGK1,SGK,AGC,SGK,,O00141,6446,SGK,Serine/threonine-protein kinase Sgk1,True,False
SGK2,SGK2,AGC,SGK,,Q9HBY8,10110,,Serine/threonine-protein kinase Sgk2,True,False
SGK3,SGK3,AGC,SGK,,Q96BR1,23678,CISK SGKL,Serine/threonine-protein kinase Sgk3,True,False
STK32A,YANK1,AGC,YANK,,Q8WU08,202374,YANK1,Serine/threonine-protein kinase 32A,True,False
STK32B,YANK2,AGC,YANK,,Q9NY57,55351,YANK2,Serine/threonine-protein kinase 32B,True,False
STK32C,YANK3,AGC,YANK,,Q86UX6,282974,YANK3,Serine/threonine-protein kinase 32C,True,False
ADCK1,ADCK1,Atypical,ABC1,ABC1-B,Q86TW2,57143,,Uncharacterized aarF domain-containing protein kinase 1,True,False
ADCK2,ADCK2,Atypical,ABC1,ABC1-C,Q7Z695,90956,AARF,Uncharacterized aarF domain-containing protein kinase 2,True,False
ADCK5,ADCK5,Atypical,ABC1,ABC1-D,Q3MIX3,203054,,Uncharacterized aarF domain-containing protein kinase 5,True,False
COQ8A,ADCK3,Atypical,ABC1,ABC1-A,Q8NI60,56997,ADCK3 CABC1,Chaperone activity of bc1 complex-like,True,False
COQ8B,ADCK4,Atypical,ABC1,ABC1-A,Q96D53,79934,ADCK4,Uncharacterized aarF domain-containing protein kinase 4,True,False
ALPK1,AlphaK3,Atypical,Alpha,,Q96QP1,80216,KIAA1527 LAK,Alpha-protein kinase 1,True,False
ALPK2,AlphaK2,Atypical,Alpha,,Q86TB3,115701,HAK,Alpha-protein kinase 2,True,False
ALPK3,AlphaK1,Atypical,Alpha,,Q96L96,57538,KIAA1330 MAK,Alpha-protein kinase 3,True,False
EEF2K,eEF2K,Atypical,Alpha,eEF2K,O00418,29904,,Eukaryotic elongation factor 2 kinase,True,False
TRPM6,ChaK2,Atypical,Alpha,ChaK,Q9BX84,140803,CHAK2,Transient receptor potential cation channel subfamily M member 6,True,False
TRPM7,ChaK1,Atypical,Alpha,ChaK,Q96QT4,54822,CHAK1 LTRPC7,Transient receptor potential cation channel subfamily M member 7,True,False
BAZ1A,BAZ1A,Atypical,BAZ,,Q9NRL2,11177,ACF1 WCRF180,Bromodomain adjacent to zinc finger domain protein 1A,True,False
BAZ1B,BAZ1B,Atypical,BAZ,,Q9UIG0,9031,WBSC10 WBSCR10 WBSCR9 WSTF,Tyrosine-protein kinase BAZ1B,True,False
ABR,ABR,Atypical,BCR,,Q12979,29,,Active breakpoint cluster region-related protein,True,False
BCR,BCR,Atypical,BCR,,P11274,613,BCR1 D22S11,Breakpoint cluster region protein,True,False
BLVRA,BLVRA,Atypical,BLVRA,,P53004,644,BLVR BVR,Biliverdin reductase A,True,False
BRD2,BRD2,Atypical,BRD,,P25440,6046,KIAA9001 RING3,Bromodomain-containing protein 2,True,False
BRD3,BRD3,Atypical,BRD,,Q15059,8019,KIAA0043 RING3L,Bromodomain-containing protein 3,True,False
BRD4,BRD4,Atypical,BRD,,O60885,23476,HUNK1,BRD4 protein,True,False
BRDT,BRDT,Atypical,BRD,,Q58F21,676,,Bromodomain testis-specific protein,True,False
CERT1,Col4A3BP,Atypical,Col4A3BP,,Q9Y5P4,10087,CERT COL4A3BP STARD11,Collagen type IV alpha-3-binding protein,True,False
FASTK,FASTK,Atypical,FAST,,Q14296,10922,,Fas-activated serine/threonine kinase,True,False
WHR1,G11,Atypical,G11,,P49842,8859,G11 RP1 STK19 TWH19,Serine/threonine-protein kinase 19,True,False
GTF2F1,GTF2F1,Atypical,GTF2F1,,Q6IBK5,2962,,,True,False
BCKDK,BCKDK,Atypical,PDHK,,O14874,10295,,[3-methyl-2-oxobutanoate dehydrogenase [lipoamide]] kinase,True,False
PDK1,PDHK1,Atypical,PDHK,,Q15118,5163,PDHK1,[Pyruvate dehydrogenase [lipoamide]] kinase isozyme 1,True,False
PDK2,PDHK2,Atypical,PDHK,,Q15119,5164,PDHK2,[Pyruvate dehydrogenase [lipoamide]] kinase isozyme 2,True,False
PDK3,PDHK3,Atypical,PDHK,,Q15120,5165,PDHK3,[Pyruvate dehydrogenase [lipoamide]] kinase isozyme 3,True,False
PDK4,PDHK4,Atypical,PDHK,,Q16654,5166,PDHK4,[Pyruvate dehydrogenase [lipoamide]] kinase isozyme 4,True,False
ATM,ATM,Atypical,PIKK,ATM,Q13315,472,,Serine-protein kinase ATM,True,False
ATR,ATR,Atypical,PIKK,ATR,Q13535,545,FRP1,Serine/threonine-protein kinase ATR,True,False
MTOR,FRAP,Atypical,PIKK,FRAP,P42345,2475,FRAP FRAP1 FRAP2 RAFT1 RAPT1,Serine/threonine-protein kinase mTOR,True,False
PRKDC,DNAPK,Atypical,PIKK,DNAPK,P78527,5591,HYRC HYRC1,DNA-dependent protein kinase catalytic subunit,True,False
SMG1,SMG1,Atypical,PIKK,SMG1,Q96Q15,23049,ATX KIAA0421 LIP,Serine/threonine-protein kinase SMG1,True,False
TRRAP,TRRAP,Atypical,PIKK,TRRAP,Q9Y4A5,8295,PAF400,Transformation/transcription domain-associated protein,True,False
RIOK1,RIOK1,Atypical,RIO,RIO1,Q9BRS2,83732,RIO1,Serine/threonine-protein kinase RIO1,True,False
RIOK2,RIOK2,Atypical,RIO,RIO2,Q9BVS4,55781,RIO2,Serine/threonine-protein kinase RIO2,True,False
RIOK3,RIOK3,Atypical,RIO,RIO3,O14730,8780,SUDD,Serine/threonine-protein kinase RIO3,True,False
TAF1,TAF1,Atypical,TAF1,,P21675,6872,BA2R CCG1 CCGS TAF2A,Transcription initiation factor TFIID subunit 1,True,False
TAF1L,TAF1L,Atypical,TAF1,,Q8IZX4,138474,,Transcription initiation factor TFIID subunit 1-like,True,False
TRIM24,TIF1a,Atypical,TIF1,,O15164,8805,RNF82 TIF1 TIF1A,Transcription intermediary factor 1-alpha,True,False
TRIM28,TIF1b,Atypical,TIF1,,Q13263,10155,KAP1 RNF96 TIF1B,Transcription intermediary factor 1-beta,True,False
TRIM33,TIF1g,Atypical,TIF1,,Q9UPN9,51592,KIAA1113 RFG7 TIF1G,E3 ubiquitin-protein ligase TRIM33,True,False
TRIM66,TIF1D,Atypical,TIF1,,B5MCJ9,,,Tripartite motif-containing protein 66,True,False
CAMKV,VACAMKL,CAMK,CAMK-Unique,,Q8NCB2,79012,,CaM kinase-like vesicle-associated protein,True,False
CAMK1,CaMK1a,CAMK,CAMK1,,Q14012,8536,,Calcium/calmodulin-dependent protein kinase type 1,True,False
CAMK1D,CaMK1d,CAMK,CAMK1,,Q8IU85,57118,CAMKID,Calcium/calmodulin-dependent protein kinase type 1D,True,False
CAMK1G,CaMK1g,CAMK,CAMK1,,Q96NX5,57172,CLICK3 VWS1,Calcium/calmodulin-dependent protein kinase type 1G,True,False
CAMK4,CaMK4,CAMK,CAMK1,,Q16566,814,CAMK CAMK-GR CAMKIV,Calcium/calmodulin-dependent protein kinase type IV,True,False
PNCK,CaMK1b,CAMK,CAMK1,,Q6P2M8,139728,,Calcium/calmodulin-dependent protein kinase type 1B,True,False
CAMK2A,CaMK2a,CAMK,CAMK2,,Q9UQM7,815,CAMKA KIAA0968,Calcium/calmodulin-dependent protein kinase type II subunit alpha,True,False
CAMK2B,CaMK2b,CAMK,CAMK2,,Q13554,816,CAM2 CAMK2 CAMKB,Calcium/calmodulin-dependent protein kinase type II subunit beta,True,False
CAMK2D,CaMK2d,CAMK,CAMK2,,Q13557,817,CAMKD,Calcium/calmodulin-dependent protein kinase type II subunit delta,True,False
CAMK2G,CaMK2g,CAMK,CAMK2,,Q13555,818,CAMK CAMK-II CAMKG,Calcium/calmodulin-dependent protein kinase (CaM kinase) II gamma,True,False
BRSK1,BRSK1,CAMK,CAMKL,BRSK,Q8TDC3,84446,KIAA1811 SAD1 SADB,Serine/threonine-protein kinase BRSK1,True,False
BRSK2,BRSK2,CAMK,CAMKL,BRSK,Q8IWQ3,9024,C11orf7 PEN11B SADA STK29,Serine/threonine-protein kinase BRSK2,True,False
CHEK1,CHK1,CAMK,CAMKL,CHK1,O14757,1111,CHK1,Serine/threonine-protein kinase Chk1,True,False
HUNK,HUNK,CAMK,CAMKL,HUNK,P57058,30811,MAKV,Hormonally up-regulated neu tumor-associated kinase,True,False
MARK1,MARK1,CAMK,CAMKL,MARK,Q9P0L2,4139,KIAA1477 MARK,Serine/threonine-protein kinase MARK1,True,False
MARK2,MARK2,CAMK,CAMKL,MARK,Q7KZI7,2011,EMK1,Serine/threonine-protein kinase MARK2,True,False
MARK3,MARK3,CAMK,CAMKL,MARK,P27448,4140,CTAK1 EMK2,MAP/microtubule affinity-regulating kinase 3,True,False
MARK4,MARK4,CAMK,CAMKL,MARK,Q96L34,57787,KIAA1860 MARKL1,MAP/microtubule affinity-regulating kinase 4,True,False
MELK,MELK,CAMK,CAMKL,MELK,Q14680,9833,KIAA0175,Maternal embryonic leucine zipper kinase,True,False
NIM1K,NIM1,CAMK,CAMKL,NIM1,Q8IY84,167359,NIM1,Serine/threonine-protein kinase NIM1,True,False
NUAK1,NuaK1,CAMK,CAMKL,NuaK,O60285,9891,ARK5 KIAA0537 OMPHK1,NUAK family SNF1-like kinase 1,True,False
NUAK2,NuaK2,CAMK,CAMKL,NuaK,Q9H093,81788,OMPHK2 SNARK,NUAK family SNF1-like kinase 2,True,False
PASK,PASK,CAMK,CAMKL,PASK,Q96RG2,23178,KIAA0135,PAS domain-containing serine/threonine-protein kinase,True,False
PRKAA1,AMPKa1,CAMK,CAMKL,AMPK,Q13131,5562,AMPK1,5'-AMP-activated protein kinase catalytic subunit alpha-1,True,False
PRKAA2,AMPKa2,CAMK,CAMKL,AMPK,P54646,5563,AMPK AMPK2,5'-AMP-activated protein kinase catalytic subunit alpha-2,True,False
SIK1,SIK,CAMK,CAMKL,QIK,P57059,102724428,SIK SNF1LK,Serine/threonine-protein kinase SIK1,True,False
SIK2,QIK,CAMK,CAMKL,QIK,Q9H0K1,23235,KIAA0781 QIK SNF1LK2,Serine/threonine-protein kinase SIK2,True,False
SIK3,QSK,CAMK,CAMKL,QIK,Q9Y2K2,23387,KIAA0999 QSK,Serine/threonine-protein kinase SIK3,True,False
SNRK,SNRK,CAMK,CAMKL,SNRK,Q9NRH2,54861,KIAA0096 SNFRK,SNF-related serine/threonine-protein kinase,True,False
STK11,LKB1,CAMK,CAMKL,LKB,Q15831,6794,LKB1 PJS,Serine/threonine-protein kinase STK11,True,False
CASK,CASK,CAMK,CASK,,O14936,8573,LIN2,Peripheral plasma membrane protein CASK,True,False
DAPK1,DAPK1,CAMK,DAPK,,P53355,1612,DAPK,Death-associated protein kinase 1,True,False
DAPK2,DAPK2,CAMK,DAPK,,Q9UIK4,23604,,Death-associated protein kinase 2,True,False
DAPK3,DAPK3,CAMK,DAPK,,O43293,1613,ZIPK,Death-associated protein kinase 3,True,False
STK17A,DRAK1,CAMK,DAPK,,Q9UEE5,9263,DRAK1,Serine/threonine-protein kinase 17A,True,False
STK17B,DRAK2,CAMK,DAPK,,O94768,9262,DRAK2,Serine/threonine-protein kinase 17B,True,False
DCLK1,DCAMKL1,CAMK,DCAMKL,,O15075,9201,DCAMKL1 DCDC3A KIAA0369,Serine/threonine-protein kinase DCLK1,True,False
DCLK2,DCAMKL2,CAMK,DCAMKL,,Q8N568,166614,DCAMKL2 DCDC3B DCK2,Serine/threonine-protein kinase DCLK2,True,False
DCLK3,DCAMKL3,CAMK,DCAMKL,,Q9C098,85443,DCAMKL3 DCDC3C KIAA1765,Serine/threonine-protein kinase DCLK3,True,False
MAPKAPK2,MAPKAPK2,CAMK,MAPKAPK,MK2,P49137,9261,,MAP kinase-activated protein kinase 2,True,False
MAPKAPK3,MAPKAPK3,CAMK,MAPKAPK,MK2,Q16644,7867,,MAP kinase-activated protein kinase 3,True,False
MAPKAPK5,MAPKAPK5,CAMK,MAPKAPK,MK5,Q8IW41,8550,PRAK,MAP kinase-activated protein kinase 5,True,False
MKNK1,MNK1,CAMK,MAPKAPK,MNK,Q9BUB5,8569,MNK1,MAP kinase-interacting serine/threonine-protein kinase 1,True,False
MKNK2,MNK2,CAMK,MAPKAPK,MNK,Q9HBH9,2872,GPRK7 MNK2,MAP kinase-interacting serine/threonine-protein kinase 2,True,False
MYLK,smMLCK,CAMK,MLCK,,Q15746,4638,MLCK MLCK1 MYLK1,Myosin light chain kinase,True,False
MYLK2,skMLCK,CAMK,MLCK,,Q9H1R3,85366,,Myosin light chain kinase 2,True,False
MYLK3,caMLCK,CAMK,MLCK,,Q32MK0,91807,MLCK,Myosin light chain kinase 3,True,False
MYLK4,SgK085,CAMK,MLCK,,Q86YV6,340156,SGK085,Myosin light chain kinase family member 4,True,False
TTN,TTN,CAMK,MLCK,,Q8WZ42,7273,,Titin,True,False
PHKG1,PHKg1,CAMK,PHK,,Q16816,5260,PHKG,Phosphorylase b kinase gamma catalytic chain,True,False
PHKG2,PHKg2,CAMK,PHK,,P15735,5261,,Phosphorylase b kinase gamma catalytic chain,True,False
PIM1,PIM1,CAMK,PIM,,P11309,5292,,Serine/threonine-protein kinase pim-1,True,False
PIM2,PIM2,CAMK,PIM,,Q9P1W9,11040,,Serine/threonine-protein kinase pim-2,True,False
PIM3,PIM3,CAMK,PIM,,Q86V86,415116,,Serine/threonine-protein kinase pim-3,True,False
PRKD1,PKD1,CAMK,PKD,,Q15139,5587,PKD PKD1 PRKCM,Serine/threonine-protein kinase D1,True,False
PRKD2,PKD2,CAMK,PKD,,Q9BZL6,25865,PKD2,Serine/threonine-protein kinase D2,True,False
PRKD3,PKD3,CAMK,PKD,,O94806,23683,EPK2 PRKCN,Serine/threonine-protein kinase D3,True,False
PSKH1,PSKH1,CAMK,PSK,,P11801,5681,,Serine/threonine-protein kinase H1,True,False
PSKH2,PSKH2,CAMK,PSK,,Q96QS6,85481,,Serine/threonine-protein kinase H2,True,False
CHEK2,CHK2,CAMK,RAD53,,O96017,11200,CDS1 CHK2 RAD53,Serine/threonine-protein kinase Chk2,True,False
RPS6KA4,Domain2_MSK2,CAMK,RSKb,MSKb,O75676,8986,MSK2,Ribosomal protein S6 kinase alpha-4,True,False
RPS6KA5,Domain2_MSK1,CAMK,RSKb,MSKb,O75582,9252,MSK1,Ribosomal protein S6 kinase alpha-5,True,False
RPS6KA6,Domain2_RSK4,CAMK,RSKb,RSKb,Q9UK32,27330,RSK4,Ribosomal protein S6 kinase alpha-6,True,False
STK33,STK33,CAMK,STK33,,Q9BYT3,65975,,Serine/threonine-protein kinase 33,True,False
STK40,SgK495,CAMK,SgK495,,Q8N2I9,83931,SGK495 SHIK,Serine/threonine-protein kinase 40,True,False
TSSK1B,TSSK1,CAMK,TSSK,,Q9BXA7,83942,SPOGA1 SPOGA4 STK22A STK22D TSSK1,Testis-specific serine/threonine-protein kinase 1,True,False
TSSK2,TSSK2,CAMK,TSSK,,Q96PF2,23617,DGSG SPOGA2 STK22B,Testis-specific serine/threonine-protein kinase 2,True,False
TSSK3,TSSK3,CAMK,TSSK,,Q96PN8,81629,SPOGA3 STK22C,Testis-specific serine/threonine-protein kinase 3,True,False
TSSK4,TSSK4,CAMK,TSSK,,Q6SA08,283629,C14orf20 STK22E TSSK5,Testis-specific serine/threonine-protein kinase 4,True,False
TSSK6,SSTK,CAMK,TSSK,,Q9BXA6,83983,SSTK,Testis-specific serine/threonine-protein kinase 6,True,False
TRIB1,Trb1,CAMK,Trbl,,Q96RU8,10221,C8FW GIG2 TRB1,Tribbles homolog 1,True,False
TRIB2,Trb2,CAMK,Trbl,,Q92519,28951,TRB2,Tribbles homolog 2,True,False
TRIB3,Trb3,CAMK,Trbl,,Q96RU7,57761,C20orf97 NIPK SKIP3 TRB3,Tribbles homolog 3,True,False
KALRN,Trad,CAMK,Trio,,O60229,8997,DUET DUO HAPIP TRAD,HCG2039851,True,False
OBSCN,Obscn,CAMK,Trio,,Q5VST9,,KIAA1556 KIAA1639,Obscurin,True,False
SPEG,SPEG,CAMK,Trio,,Q15772,10290,APEG1 KIAA1297,Striated muscle preferentially expressed protein kinase,True,False
TRIO,Trio,CAMK,Trio,,O75962,7204,,Triple functional domain protein,True,False
CSNK1A1,CK1a,CK1,CK1,,P48729,1452,,Casein kinase I isoform alpha,True,False
CSNK1A1L,CK1a2,CK1,CK1,,Q8N752,122011,,Casein kinase I isoform alpha-like,True,False
CSNK1D,CK1d,CK1,CK1,,P48730,1453,HCKID,Casein kinase I isoform delta,True,False
CSNK1E,CK1e,CK1,CK1,,P49674,1454,,Casein kinase I isoform epsilon,True,False
CSNK1G1,CK1g1,CK1,CK1,,Q9HCP0,53944,,Casein kinase I isoform gamma-1,True,False
CSNK1G2,CK1g2,CK1,CK1,,P78368,1455,CK1G2,Casein kinase I isoform gamma-2,True,False
CSNK1G3,CK1g3,CK1,CK1,,Q9Y6M4,1456,,Casein kinase I isoform gamma-3,True,False
TTBK1,TTBK1,CK1,TTBK,,Q5TCY1,84630,BDTK KIAA1855,Tau-tubulin kinase 1,True,False
TTBK2,TTBK2,CK1,TTBK,,Q6IQ55,146057,KIAA0847,Tau-tubulin kinase 2,True,False
VRK1,VRK1,CK1,VRK,,Q99986,7443,,Serine/threonine-protein kinase VRK1,True,False
VRK2,VRK2,CK1,VRK,,Q86Y07,7444,,Serine/threonine-protein kinase VRK2,True,False
VRK3,VRK3,CK1,VRK,,Q8IV63,51231,,Inactive serine/threonine-protein kinase VRK3,True,False
CDK1,CDC2,CMGC,CDK,CDC2,P06493,983,CDC2 CDC28A CDKN1 P34CDC2,Cyclin-dependent kinase 1,True,False
CDK10,CDK10,CMGC,CDK,CDK10,Q15131,8558,,Cyclin-dependent kinase 10,True,False
CDK11B,PITSLRE,CMGC,CDK,CDK11,P21127,984,CDC2L1 CDK11 PITSLREA,Cyclin-dependent kinase 11B,True,False
CDK12,CRK7,CMGC,CDK,CRK7,Q9NYV4,51755,CRK7 CRKRS KIAA0904,Cyclin-dependent kinase 12,True,False
CDK13,CHED,CMGC,CDK,CRK7,Q14004,8621,CDC2L CDC2L5 CHED KIAA1791,Cyclin-dependent kinase 13,True,False
CDK14,PFTAIRE1,CMGC,CDK,PFTAIRE,O94921,5218,KIAA0834 PFTK1,Cyclin-dependent kinase 14,True,False
CDK15,PFTAIRE2,CMGC,CDK,PFTAIRE,Q96Q40,65061,ALS2CR7 PFTK2,Cyclin-dependent kinase 15,True,False
CDK16,PCTAIRE1,CMGC,CDK,PCTAIRE,Q00536,5127,PCTAIRE1 PCTK1,Cyclin-dependent kinase 16,True,False
CDK17,PCTAIRE2,CMGC,CDK,PCTAIRE,Q00537,5128,PCTAIRE2 PCTK2,Cyclin-dependent kinase 17,True,False
CDK18,PCTAIRE3,CMGC,CDK,PCTAIRE,Q07002,5129,PCTAIRE3 PCTK3,Cyclin-dependent kinase 18,True,False
CDK19,CDK11,CMGC,CDK,CDK8,Q9BWU1,23097,CDC2L6 CDK11 KIAA1028,Cyclin-dependent kinase 19,True,False
CDK2,CDK2,CMGC,CDK,CDK2,P24941,1017,CDKN2,Cyclin-dependent kinase 2,True,False
CDK20,CCRK,CMGC,CDK,,Q8IZL9,23552,CCRK CDCH,Cyclin-dependent kinase 20,True,False
CDK3,CDK3,CMGC,CDK,CDK2,Q00526,1018,CDKN3,Cyclin-dependent kinase 3,True,False
CDK4,CDK4,CMGC,CDK,CDK4,P11802,1019,,Cyclin-dependent kinase 4,True,False
CDK5,CDK5,CMGC,CDK,CDK5,Q00535,1020,CDKN5 PSSALRE,Cyclin-dependent kinase 5,True,False
CDK6,CDK6,CMGC,CDK,CDK4,Q00534,1021,CDKN6,Cyclin-dependent kinase 6,True,False
CDK7,CDK7,CMGC,CDK,CDK7,P50613,1022,CAK CAK1 CDKN7 MO15 STK1,Cyclin-dependent kinase 7,True,False
CDK8,CDK8,CMGC,CDK,CDK8,P49336,1024,,Cyclin-dependent kinase 8,False,True
CDK9,CDK9,CMGC,CDK,CDK9,P50750,1025,CDC2L4 TAK,Cyclin-dependent kinase 9,True,False
CDKL1,CDKL1,CMGC,CDKL,,Q00532,8814,,Cyclin-dependent kinase-like 1,True,False
CDKL2,CDKL2,CMGC,CDKL,,Q92772,8999,,Cyclin-dependent kinase-like 2,True,False
CDKL3,CDKL3,CMGC,CDKL,,Q8IVW4,51265,NKIAMRE,Cyclin-dependent kinase-like 3,True,False
CDKL4,CDKL4,CMGC,CDKL,,Q5MAI5,344387,,Cyclin-dependent kinase-like 4,True,False
CDKL5,CDKL5,CMGC,CDKL,,O76039,6792,STK9,Cyclin-dependent kinase-like 5,True,False
CSNK2A1,CK2a1,CMGC,CK2,,P68400,1457,CK2A1,Casein kinase II subunit alpha,True,False
CSNK2A2,CK2a2,CMGC,CK2,,P19784,1459,CK2A2,Casein kinase II subunit alpha',True,False
CLK1,CLK1,CMGC,CLK,,P49759,1195,CLK,Dual specificity protein kinase CLK1,True,False
CLK2,CLK2,CMGC,CLK,,P49760,1196,,Dual specificity protein kinase CLK2,True,False
CLK3,CLK3,CMGC,CLK,,P49761,1198,,Dual specificity protein kinase CLK3,True,False
CLK4,CLK4,CMGC,CLK,,Q9HAZ1,57396,,Dual specificity protein kinase CLK4,True,False
DYRK1A,DYRK1A,CMGC,DYRK,DYRK1,Q13627,1859,DYRK MNB MNBH,Dual specificity tyrosine-phosphorylation-regulated kinase 1A,True,False
DYRK1B,DYRK1B,CMGC,DYRK,DYRK1,Q9Y463,9149,MIRK,Dual specificity tyrosine-phosphorylation-regulated kinase 1B,True,False
DYRK2,DYRK2,CMGC,DYRK,DYRK2,Q92630,8445,,Dual specificity tyrosine-phosphorylation-regulated kinase 2,True,False
DYRK3,DYRK3,CMGC,DYRK,DYRK2,O43781,8444,,Dual specificity tyrosine-phosphorylation-regulated kinase 3,True,False
DYRK4,DYRK4,CMGC,DYRK,DYRK2,Q9NR20,8798,,Dual specificity tyrosine-phosphorylation-regulated kinase 4,True,False
HIPK1,HIPK1,CMGC,DYRK,HIPK,Q86Z02,204851,KIAA0630 MYAK NBAK2,Homeodomain-interacting protein kinase 1,True,False
HIPK2,HIPK2,CMGC,DYRK,HIPK,Q9H2X6,28996,,Homeodomain-interacting protein kinase 2,True,False
HIPK3,HIPK3,CMGC,DYRK,HIPK,Q9H422,10114,DYRK6 FIST3 PKY,Homeodomain-interacting protein kinase 3,True,False
HIPK4,HIPK4,CMGC,DYRK,HIPK,Q8NE63,147746,,Homeodomain-interacting protein kinase 4,True,False
PRP4K,PRP4,CMGC,DYRK,PRP4,Q13523,8899,KIAA0536 PRP4 PRP4B PRP4H PRPF4K,Serine/threonine-protein kinase PRP4 homolog,True,False
GSK3A,GSK3A,CMGC,GSK,,P49840,2931,,Glycogen synthase kinase-3 alpha,True,False
GSK3B,GSK3B,CMGC,GSK,,P49841,2932,,Glycogen synthase kinase-3 beta,True,False
MAPK1,Erk2,CMGC,MAPK,ERK1,P28482,5594,ERK2 PRKM1 PRKM2,Mitogen-activated protein kinase 1,True,False
MAPK10,JNK3,CMGC,MAPK,JNK,P53779,5602,JNK3 JNK3A PRKM10 SAPK1B,Mitogen-activated protein kinase 10,True,False
MAPK11,p38b,CMGC,MAPK,p38,Q15759,5600,PRKM11 SAPK2 SAPK2B,Mitogen-activated protein kinase 11,True,False
MAPK12,p38g,CMGC,MAPK,p38,P53778,6300,ERK6 SAPK3,Mitogen-activated protein kinase 12,True,False
MAPK13,p38d,CMGC,MAPK,p38,O15264,5603,PRKM13 SAPK4,Mitogen-activated protein kinase 13,True,False
MAPK14,p38a,CMGC,MAPK,p38,Q16539,1432,CSBP CSBP1 CSBP2 CSPB1 MXI2 SAPK2A,Mitogen-activated protein kinase 14,True,False
MAPK15,Erk7,CMGC,MAPK,ERK7,Q8TD08,225689,ERK7 ERK8,Mitogen-activated protein kinase 15,True,False
MAPK3,Erk1,CMGC,MAPK,ERK1,P27361,5595,ERK1 PRKM3,Mitogen-activated protein kinase 3,True,False
MAPK4,Erk4,CMGC,MAPK,ERK3,P31152,5596,ERK4 PRKM4,Mitogen-activated protein kinase 4,True,False
MAPK6,Erk3,CMGC,MAPK,ERK3,Q16659,5597,ERK3 PRKM6,Mitogen-activated protein kinase 6,True,False
MAPK7,Erk5,CMGC,MAPK,ERK5,Q13164,5598,BMK1 ERK5 PRKM7,Mitogen-activated protein kinase 7,True,False
MAPK8,JNK1,CMGC,MAPK,JNK,P45983,5599,JNK1 PRKM8 SAPK1 SAPK1C,Mitogen-activated protein kinase 8,True,False
MAPK9,JNK2,CMGC,MAPK,JNK,P45984,5601,JNK2 PRKM9 SAPK1A,Mitogen-activated protein kinase 9,True,False
NLK,NLK,CMGC,MAPK,nmo,Q9UBE8,51701,LAK1,Serine/threonine-protein kinase NLK,True,False
CILK1,ICK,CMGC,RCK,,Q9UPZ9,22858,ICK KIAA0936,Serine/threonine-protein kinase ICK,True,False
MAK,MAK,CMGC,RCK,,P20794,4117,,Serine/threonine-protein kinase MAK,True,False
MOK,MOK,CMGC,RCK,,Q9UQ07,5891,RAGE RAGE1,MAPK/MAK/MRK overlapping kinase,True,False
SRPK1,SRPK1,CMGC,SRPK,,Q96SB4,6732,,SRSF protein kinase 1,True,False
SRPK2,SRPK2,CMGC,SRPK,,P78362,6733,,SRSF protein kinase 2,True,False
SRPK3,MSSK1,CMGC,SRPK,,Q9UPE1,26576,MSSK1 STK23,SRSF protein kinase 3,True,False
AURKA,AurA,Other,Aur,,O14965,6790,AIK AIRK1 ARK1 AURA AYK1 BTAK IAK1 STK15 STK6,Aurora kinase A,True,False
AURKB,AurB,Other,Aur,,Q96GD4,9212,AIK2 AIM1 AIRK2 ARK2 STK1 STK12 STK5,Aurora kinase B,True,False
AURKC,AurC,Other,Aur,,Q9UQB9,6795,AIE2 AIK3 AIRK3 ARK3 STK13,Aurora kinase C,True,False
BUB1,BUB1,Other,BUB,,O43683,699,BUB1L,Mitotic checkpoint serine/threonine-protein kinase BUB1,True,False
BUB1B,BUBR1,Other,BUB,,O60566,701,BUBR1 MAD3L SSK1,Mitotic checkpoint serine/threonine-protein kinase BUB1 beta,True,False
TP53RK,PRPK,Other,Bud32,,Q96S44,112858,C20orf64 PRPK,TP53-regulating kinase,True,False
CAMKK1,CaMKK1,Other,CAMKK,CAMKK-Meta,Q8N5S9,84254,CAMKKA,Calcium/calmodulin-dependent protein kinase kinase 1,True,False
CAMKK2,CaMKK2,Other,CAMKK,CAMKK-Meta,Q96RR4,10645,CAMKKB KIAA0787,Calcium/calmodulin-dependent protein kinase kinase 2,True,False
CDC7,CDC7,Other,CDC7,,O00311,8317,CDC7L1,Cell division cycle 7-related protein kinase,True,False
DSTYK,SgK496,Other,Dusty,,Q6XUX3,25778,KIAA0472 RIP5 RIPK5 SGK496,Dual serine/threonine and tyrosine protein kinase,True,False
HASPIN,Haspin,Other,Haspin,,Q8TF76,83903,GSG2,Serine/threonine-protein kinase haspin,True,False
CHUK,IKKa,Other,IKK,,O15111,1147,IKKA TCF16,Inhibitor of nuclear factor kappa-B kinase subunit alpha,True,False
IKBKB,IKKb,Other,IKK,,O14920,3551,IKKB,Inhibitor of nuclear factor kappa-B kinase subunit beta,True,False
IKBKE,IKKe,Other,IKK,,Q14164,9641,IKKE IKKI KIAA0151,Inhibitor of nuclear factor kappa-B kinase subunit epsilon,True,False
TBK1,TBK1,Other,IKK,,Q9UHD2,29110,NAK,Serine/threonine-protein kinase TBK1,True,False
ERN1,IRE1,Other,IRE,,O75460,2081,IRE1,Serine/threonine-protein kinase/endoribonuclease IRE1,True,False
ERN2,IRE2,Other,IRE,,Q76MJ5,10595,IRE2,Serine/threonine-protein kinase/endoribonuclease IRE2,True,False
UHMK1,KIS,Other,KIS,,Q8TAS1,127933,KIS KIST,Serine/threonine-protein kinase Kist,True,False
MOS,MOS,Other,MOS,,P00540,4342,,Proto-oncogene serine/threonine-protein kinase mos,True,False
AAK1,AAK1,Other,NAK,,Q2M2I8,22848,KIAA1048,AP2-associated protein kinase 1,True,False
BMP2K,BIKE,Other,NAK,,Q9NSY1,55589,BIKE,BMP-2-inducible protein kinase,True,False
GAK,GAK,Other,NAK,,O14976,2580,DNAJC26,Cyclin-G-associated kinase,True,False
STK16,MPSK1,Other,NAK,,O75716,8576,MPSK1 PKL12 TSF1,Serine/threonine-protein kinase 16,True,False
NEK1,NEK1,Other,NEK,,Q96PY6,4750,KIAA1901,Serine/threonine-protein kinase Nek1,True,False
NEK10,NEK10,Other,NEK,,Q6ZWH5,152110,,Serine/threonine-protein kinase Nek10,True,False
NEK11,NEK11,Other,NEK,,Q8NG66,79858,,Serine/threonine-protein kinase Nek11,True,False
NEK2,NEK2,Other,NEK,,P51955,4751,NEK2A NLK1,Serine/threonine-protein kinase Nek2,True,False
NEK3,NEK3,Other,NEK,,P51956,4752,,Serine/threonine-protein kinase Nek3,True,False
NEK4,NEK4,Other,NEK,,P51957,6787,STK2,Serine/threonine-protein kinase Nek4,True,False
NEK5,NEK5,Other,NEK,,Q6P3R8,341676,,Serine/threonine-protein kinase Nek5,True,False
NEK6,NEK6,Other,NEK,,Q9HC98,10783,,Serine/threonine-protein kinase Nek6,True,False
NEK7,NEK7,Other,NEK,,Q8TDX7,140609,,Serine/threonine-protein kinase Nek7,True,False
NEK8,NEK8,Other,NEK,,Q86SG6,284086,JCK NEK12A,Serine/threonine-protein kinase Nek8,True,False
NEK9,NEK9,Other,NEK,,Q8TD19,91754,KIAA1995 NEK8 NERCC,Serine/threonine-protein kinase Nek9,True,False
SBK1,SBK,Other,NKF1,,Q52WX2,388228,,Serine/threonine-protein kinase SBK1,True,False
SBK2,SgK069,Other,NKF1,,P0C263,646643,SGK069,Serine/threonine-protein kinase SBK2,True,False
SBK3,SgK110,Other,NKF1,,P0C264,100130827,SGK110,Putative uncharacterized serine/threonine-protein kinase SgK110,True,False
PINK1,PINK1,Other,NKF2,,Q9BXM7,65018,,Serine/threonine-protein kinase PINK1,True,False
PEAK1,SgK269,Other,NKF3,,Q9H792,79834,KIAA2002,Pseudopodium-enriched atypical kinase 1,True,False
PRAG1,SgK223,Other,NKF3,,Q86YV5,157285,SGK223,Tyrosine-protein kinase SgK223,True,False
PDIK1L,CLIK1L,Other,NKF4,,Q8N165,149420,CLIK1L,Serine/threonine-protein kinase PDIK1L,True,False
STK35,CLIK1,Other,NKF4,,Q8TDR2,140901,CLIK1 PDIK1 STK35L1,Serine/threonine-protein kinase 35,True,False
TEX14,SgK424,Other,NKF5,,Q8IWB6,56155,SGK307,Inactive serine/threonine-protein kinase TEX14,True,False
NRBP1,NRBP1,Other,NRBP,,Q9UHY1,29959,BCON3 NRBP,Nuclear receptor-binding protein,True,False
NRBP2,NRBP2,Other,NRBP,,Q9NSY0,340371,,Nuclear receptor-binding protein 2,True,False
POMK,SgK196,Other,Other-Unique,,Q9H5K3,84197,SGK196,Protein kinase-like protein SgK196,True,False
RNASEL,RNAseL,Other,Other-Unique,,Q05823,6041,RNS4,2-5A-dependent ribonuclease,True,False
STK31,SgK396,Other,Other-Unique,,Q9BXU1,56164,SGK396,Serine/threonine-protein kinase 31,True,False
PAN3,PAN3,Other,PAN3,,Q58A45,255967,,PAB-dependent poly(A)-specific ribonuclease subunit 3,True,False
EIF2AK1,HRI,Other,PEK,,Q9BQI3,27102,HRI KIAA1369,Eukaryotic translation initiation factor 2-alpha kinase 1,True,False
EIF2AK2,PKR,Other,PEK,,P19525,5610,PKR PRKR,Interferon-induced,True,False
EIF2AK3,PEK,Other,PEK,PEK,Q9NZJ5,9451,PEK PERK,Eukaryotic translation initiation factor 2-alpha kinase 3,True,False
EIF2AK4,GCN2,Other,PEK,GCN2,Q9P2K8,440275,GCN2 KIAA1338,Eukaryotic translation initiation factor 2-alpha kinase 4,True,False
PLK1,PLK1,Other,PLK,,P53350,5347,PLK,Serine/threonine-protein kinase PLK1,True,False
PLK2,PLK2,Other,PLK,,Q9NYY3,10769,SNK,Serine/threonine-protein kinase PLK2,True,False
PLK3,PLK3,Other,PLK,,Q9H4B4,1263,CNK FNK PRK,Serine/threonine-protein kinase PLK3,True,False
PLK4,PLK4,Other,PLK,,O00444,10733,SAK STK18,Serine/threonine-protein kinase PLK4,True,False
SCYL1,SCYL1,Other,SCY1,,Q96KG9,57410,CVAK90 GKLP NTKL TAPK TEIF TRAP,N-terminal kinase-like protein,True,False
SCYL2,SCYL2,Other,SCY1,,Q6P3W7,55681,CVAK104 KIAA1360,SCY1-like protein 2,True,False
SCYL3,SCYL3,Other,SCY1,,Q8IZE3,57147,PACE1,Protein-associating with the carboxyl-terminal domain of ezrin,True,False
STKLD1,SgK071,Other,SgK071,,Q8NE28,169436,C9orf96 SGK071,Protein kinase-like protein SgK071,True,False
PKDCC,SgK493,Other,SgK493,,Q504Y2,91461,SGK493 VLK,Protein kinase domain-containing protein,True,False
PXK,Slob,Other,Slob,,Q7Z7A4,54899,,PX domain-containing protein kinase-like protein,True,False
TBCK,TBCK,Other,TBCK,,Q8TEA7,93627,FERRY1 TBCKL,TBC domain-containing protein kinase-like protein,True,False
TLK1,TLK1,Other,TLK,,Q9UKI8,9874,KIAA0137,Serine/threonine-protein kinase tousled-like 1,True,False
TLK2,TLK2,Other,TLK,,Q86UE8,11011,,Serine/threonine-protein kinase tousled-like 2,True,False
PBK,PBK,Other,TOPK,,Q96KB5,55872,TOPK,Lymphokine-activated killer T-cell-originated protein kinase,True,False
TTK,TTK,Other,TTK,,P33981,7272,MPS1 MPS1L1,Dual specificity protein kinase TTK,True,False
STK36,Fused,Other,ULK,,Q9NRP7,27148,KIAA1278,Serine/threonine-protein kinase 36,True,False
ULK1,ULK1,Other,ULK,,O75385,8408,KIAA0722,Serine/threonine-protein kinase ULK1,True,False
ULK2,ULK2,Other,ULK,,Q8IYT8,9706,KIAA0623,Serine/threonine-protein kinase ULK2,True,False
ULK3,ULK3,Other,ULK,,Q6PHR2,25989,,Serine/threonine-protein kinase ULK3,True,False
ULK4,ULK4,Other,ULK,,Q96C45,54986,,Serine/threonine-protein kinase ULK4,True,False
PIK3R4,PIK3R4,Other,VPS15,,Q99570,30849,VPS15,Phosphoinositide 3-kinase regulatory subunit 4,True,False
PKMYT1,MYT1,Other,WEE,,Q99640,9088,MYT1,Membrane-associated tyrosine- and threonine-specific cdc2-inhibitory kinase,True,False
WEE1,Wee1,Other,WEE,,P30291,7465,,Wee1-like protein kinase,True,False
WEE2,Wee1B,Other,WEE,,P0C1S8,494551,WEE1B,Wee1-like protein kinase 2,True,False
WNK1,Wnk1,Other,WNK,,Q9H4A3,65125,HSN2 KDP KIAA0344 PRKWNK1,Serine/threonine-protein kinase WNK1,True,False
WNK2,Wnk2,Other,WNK,,Q9Y3S1,65268,KIAA1760 PRKWNK2 SDCCAG43,Serine/threonine-protein kinase WNK2,True,False
WNK3,Wnk3,Other,WNK,,Q9BYP7,65267,KIAA1566 PRKWNK3,Serine/threonine-protein kinase WNK3,True,False
WNK4,Wnk4,Other,WNK,,Q96J92,65266,PRKWNK4,Serine/threonine-protein kinase WNK4,True,False
GUCY2C,HSER,RGC,RGC,,P25092,2984,GUC2C STAR,Heat-stable enterotoxin receptor,True,False
GUCY2D,CYGD,RGC,RGC,,Q02846,3000,CORD6 GUC1A4 GUC2D RETGC RETGC1,Retinal guanylyl cyclase 1,True,False
GUCY2F,CYGF,RGC,RGC,,P51841,2986,GUC2F RETGC2,Retinal guanylyl cyclase 2,True,False
NPR1,ANPa,RGC,RGC,,P16066,4881,ANPRA,Atrial natriuretic peptide receptor 1,True,False
NPR2,ANPb,RGC,RGC,,P20594,4882,ANPRB,Atrial natriuretic peptide receptor 2,True,False
MAP3K14,NIK,STE,STE-Unique,,Q99558,9020,NIK,Mitogen-activated protein kinase kinase kinase 14,True,False
MAP3K8,COT,STE,STE-Unique,,P41279,1326,COT ESTF,Mitogen-activated protein kinase kinase kinase 8,True,False
MAP3K1,MAP3K1,STE,STE11,,Q13233,4214,MAPKKK1 MEKK MEKK1,Mitogen-activated protein kinase kinase kinase 1,True,False
MAP3K15,MAP3K7,STE,STE11,,Q6ZN16,389840,ASK3,Mitogen-activated protein kinase kinase kinase 15,True,False
MAP3K19,MAP3K8,STE,STE11,,Q56UN5,80122,RCK YSK4,Mitogen-activated protein kinase kinase kinase 19,True,False
MAP3K2,MAP3K2,STE,STE11,,Q9Y2U5,10746,MAPKKK2 MEKK2,Mitogen-activated protein kinase kinase kinase 2,True,False
MAP3K3,MAP3K3,STE,STE11,,Q99759,4215,MAPKKK3 MEKK3,Mitogen-activated protein kinase kinase kinase 3,True,False
MAP3K4,MAP3K4,STE,STE11,,Q9Y6R4,4216,KIAA0213 MAPKKK4 MEKK4 MTK1,Mitogen-activated protein kinase kinase kinase 4,True,False
MAP3K5,MAP3K5,STE,STE11,,Q99683,4217,ASK1 MAPKKK5 MEKK5,Mitogen-activated protein kinase kinase kinase 5,True,False
MAP3K6,MAP3K6,STE,STE11,,O95382,9064,ASK2 MAPKKK6 MEKK6,Mitogen-activated protein kinase kinase kinase 6,True,False
MAP4K1,HPK1,STE,STE20,KHS,Q92918,11184,HPK1,Mitogen-activated protein kinase kinase kinase kinase 1,True,False
MAP4K2,GCK,STE,STE20,KHS,Q12851,5871,GCK RAB8IP,Mitogen-activated protein kinase kinase kinase kinase 2,True,False
MAP4K3,KHS2,STE,STE20,KHS,Q8IVH8,8491,RAB8IPL1,Mitogen-activated protein kinase kinase kinase kinase 3,True,False
MAP4K4,ZC1/HGK,STE,STE20,MSN,O95819,9448,HGK KIAA0687 NIK,Mitogen-activated protein kinase kinase kinase kinase 4,True,False
MAP4K5,KHS1,STE,STE20,KHS,Q9Y4K4,11183,,Mitogen-activated protein kinase kinase kinase kinase 5,True,False
MINK1,ZC3/MINK,STE,STE20,MSN,Q8N4C8,50488,B55 MAP4K6 MINK YSK2 ZC3,Misshapen-like kinase 1,True,False
MYO3A,MYO3A,STE,STE20,NinaC,Q8NEV4,53904,,Myosin-IIIa,True,False
MYO3B,MYO3B,STE,STE20,NinaC,Q8WXR4,140469,,Myosin-IIIb,True,False
NRK,ZC4/NRK,STE,STE20,MSN,Q7Z2Y5,203447,,Nik-related protein kinase,True,False
OXSR1,OSR1,STE,STE20,FRAY,O95747,9943,KIAA1101 OSR1,Serine/threonine-protein kinase OSR1,True,False
PAK1,PAK1,STE,STE20,PAKA,Q13153,5058,,Serine/threonine-protein kinase PAK 1,True,False
PAK2,PAK2,STE,STE20,PAKA,Q13177,5062,,Serine/threonine-protein kinase PAK 2,True,False
PAK3,PAK3,STE,STE20,PAKA,O75914,5063,OPHN3,Serine/threonine-protein kinase PAK 3,True,False
PAK4,PAK4,STE,STE20,PAKB,O96013,10298,KIAA1142,Serine/threonine-protein kinase PAK 4,True,False
PAK5,PAK5,STE,STE20,PAKB,Q9P286,57144,KIAA1264 PAK7,Serine/threonine-protein kinase PAK 7,True,False
PAK6,PAK6,STE,STE20,PAKB,Q9NQU5,106821730,PAK5,Serine/threonine-protein kinase PAK 6,True,False
SLK,SLK,STE,STE20,SLK,Q9H2G2,9748,KIAA0204 STK2,STE20-like serine/threonine-protein kinase,True,False
STK10,LOK,STE,STE20,SLK,O94804,6793,LOK,Serine/threonine-protein kinase 10,True,False
STK24,MST3,STE,STE20,YSK,Q9Y6E0,8428,MST3 STK3,Serine/threonine-protein kinase 24,True,False
STK25,YSK1,STE,STE20,YSK,O00506,10494,SOK1 YSK1,Serine/threonine-protein kinase 25,True,False
STK26,MST4,STE,STE20,YSK,Q9P289,51765,MASK MST4,Serine/threonine-protein kinase MST4,True,False
STK3,MST2,STE,STE20,MST,Q13188,6788,KRS1 MST2,Serine/threonine-protein kinase 3,True,False
STK39,STLK3,STE,STE20,FRAY,Q9UEW8,27347,PASK SPAK,STE20/SPS1-related proline-alanine-rich protein kinase,True,False
STK4,MST1,STE,STE20,MST,Q13043,6789,KRS2 MST1,Serine/threonine-protein kinase 4,True,False
STRADA,STLK5,STE,STE20,STLK,Q7RTN6,92335,LYK5 STRAD,STE20-related kinase adapter protein alpha,True,False
STRADB,STLK6,STE,STE20,STLK,Q9C0K7,55437,ALS2CR2 ILPIP,STE20-related kinase adapter protein beta,True,False
TAOK1,TAO1,STE,STE20,TAO,Q7L7X3,57551,KIAA1361 MAP3K16 MARKK,Serine/threonine-protein kinase TAO1,True,False
TAOK2,TAO2,STE,STE20,TAO,Q9UL54,9344,KIAA0881 MAP3K17 PSK PSK1,Serine/threonine-protein kinase TAO2,True,False
TAOK3,TAO3,STE,STE20,TAO,Q9H2K8,51347,DPK JIK KDS MAP3K18,Serine/threonine-protein kinase TAO3,True,False
TNIK,ZC2/TNIK,STE,STE20,MSN,Q9UKE5,23043,KIAA0551,TRAF2 and NCK-interacting protein kinase,True,False
MAP2K1,MAP2K1,STE,STE7,,Q02750,5604,MEK1 PRKMK1,Dual specificity mitogen-activated protein kinase kinase 1,True,False
MAP2K2,MAP2K2,STE,STE7,,P36507,5605,MEK2 MKK2 PRKMK2,Dual specificity mitogen-activated protein kinase kinase 2,True,False
MAP2K3,MAP2K3,STE,STE7,,P46734,5606,MEK3 MKK3 PRKMK3 SKK2,Dual specificity mitogen-activated protein kinase kinase 3,True,False
MAP2K4,MAP2K4,STE,STE7,,P45985,6416,JNKK1 MEK4 MKK4 PRKMK4 SEK1 SERK1 SKK1,Dual specificity mitogen-activated protein kinase kinase 4,True,False
MAP2K5,MAP2K5,STE,STE7,,Q13163,5607,MEK5 MKK5 PRKMK5,Dual specificity mitogen-activated protein kinase kinase 5,True,False
MAP2K6,MAP2K6,STE,STE7,,P52564,5608,MEK6 MKK6 PRKMK6 SKK3,Dual specificity mitogen-activated protein kinase kinase 6,True,False
MAP2K7,MAP2K7,STE,STE7,,O14733,5609,JNKK2 MEK7 MKK7 PRKMK7 SKK4,Dual specificity mitogen-activated protein kinase kinase 7,True,False
ALK,ALK,TK,ALK,,Q9UM73,238,,ALK tyrosine kinase receptor,True,False
LTK,LTK,TK,ALK,,P29376,4058,TYK1,Leukocyte tyrosine kinase receptor,True,False
ABL1,ABL,TK,Abl,,P00519,25,ABL JTK7,Tyrosine-protein kinase ABL1,True,False
ABL2,ARG,TK,Abl,,P42684,27,ABLL ARG,Abelson tyrosine-protein kinase 2,True,False
TNK1,TNK1,TK,Ack,,Q13470,8711,,Non-receptor tyrosine-protein kinase TNK1,True,False
TNK2,ACK,TK,Ack,,Q07912,10188,ACK1,Activated CDC42 kinase 1,True,False
AXL,AXL,TK,Axl,,P30530,558,UFO,Tyrosine-protein kinase receptor UFO,True,False
MERTK,MER,TK,Axl,,Q12866,10461,MER,Tyrosine-protein kinase Mer,True,False
TYRO3,TYRO3,TK,Axl,,Q06418,7301,BYK DTK RSE SKY TIF,Tyrosine-protein kinase receptor TYRO3,True,False
PTK7,CCK4,TK,CCK4,,Q13308,5754,CCK4,Inactive tyrosine-protein kinase 7,True,False
CSK,CSK,TK,Csk,,P41240,1445,,Tyrosine-protein kinase CSK,True,False
MATK,CTK,TK,Csk,,P42679,4145,CTK HYL,Megakaryocyte-associated tyrosine-protein kinase,True,False
DDR1,DDR1,TK,DDR,,Q08345,780,CAK EDDR1 NEP NTRK4 PTK3A RTK6 TRKE,Epithelial discoidin domain-containing receptor 1,True,False
DDR2,DDR2,TK,DDR,,Q16832,4921,NTRKR3 TKT TYRO10,Discoidin domain-containing receptor 2,True,False
EGFR,EGFR,TK,EGFR,,P00533,1956,ERBB ERBB1 HER1,Epidermal growth factor receptor,True,False
ERBB2,HER2/ErbB2,TK,EGFR,,P04626,2064,HER2 MLN19 NEU NGL,Receptor tyrosine-protein kinase erbB-2,True,False
ERBB3,HER3/ErbB3,TK,EGFR,,P21860,2065,HER3,Receptor tyrosine-protein kinase erbB-3,True,False
ERBB4,HER4/ErbB4,TK,EGFR,,Q15303,2066,HER4,Receptor tyrosine-protein kinase erbB-4,True,False
EPHA1,EphA1,TK,Eph,,P21709,2041,EPH EPHT EPHT1,Ephrin type-A receptor 1,True,False
EPHA10,EphA10,TK,Eph,,Q5JZY3,284656,,Ephrin type-A receptor 10,True,False
EPHA2,EphA2,TK,Eph,,P29317,1969,ECK,Ephrin type-A receptor 2,True,False
EPHA3,EphA3,TK,Eph,,P29320,2042,ETK ETK1 HEK TYRO4,Ephrin type-A receptor 3,True,False
EPHA4,EphA4,TK,Eph,,P54764,2043,HEK8 SEK TYRO1,Ephrin type-A receptor 4,True,False
EPHA5,EphA5,TK,Eph,,P54756,2044,BSK EHK1 HEK7 TYRO4,Ephrin type-A receptor 5,True,False
EPHA6,EphA6,TK,Eph,,Q9UF33,285220,EHK2 HEK12,Ephrin type-A receptor 6,True,False
EPHA7,EphA7,TK,Eph,,Q15375,2045,EHK3 HEK11,Ephrin type-A receptor 7,True,False
EPHA8,EphA8,TK,Eph,,P29322,2046,EEK HEK3 KIAA1459,Ephrin type-A receptor 8,True,False
EPHB1,EphB1,TK,Eph,,P54762,2047,ELK EPHT2 HEK6 NET,Ephrin type-B receptor 1,True,False
EPHB2,EphB2,TK,Eph,,P29323,2048,DRT EPHT3 EPTH3 ERK HEK5 TYRO5,Ephrin type-B receptor 2,True,False
EPHB3,EphB3,TK,Eph,,P54753,2049,ETK2 HEK2 TYRO6,Ephrin type-B receptor 3,True,False
EPHB4,EphB4,TK,Eph,,P54760,2050,HTK MYK1 TYRO11,Ephrin type-B receptor 4,True,False
EPHB6,EphB6,TK,Eph,,O15197,2051,,Ephrin type-B receptor 6,True,False
PTK2,FAK,TK,FAK,,Q05397,5747,FAK FAK1,Focal adhesion kinase 1,True,False
PTK2B,PYK2,TK,FAK,,Q14289,2185,FAK2 PYK2 RAFTK,Protein-tyrosine kinase 2-beta,True,False
FGFR1,FGFR1,TK,FGFR,,P11362,2260,BFGFR CEK FGFBR FLG FLT2 HBGFR,Fibroblast growth factor receptor 1,True,False
FGFR2,FGFR2,TK,FGFR,,P21802,2263,BEK KGFR KSAM,Fibroblast growth factor receptor 2,True,False
FGFR3,FGFR3,TK,FGFR,,P22607,2261,JTK4,Fibroblast growth factor receptor 3,True,False
FGFR4,FGFR4,TK,FGFR,,P22455,2264,JTK2 TKF,Fibroblast growth factor receptor 4,True,False
FER,FER,TK,Fer,,P16591,2241,TYK3,Tyrosine-protein kinase Fer,True,False
FES,FES,TK,Fer,,P07332,2242,FPS,Tyrosine-protein kinase Fes/Fps,True,False
IGF1R,IGF1R,TK,InsR,,P08069,3480,,Insulin-like growth factor 1 receptor,True,False
INSR,INSR,TK,InsR,,P06213,3643,,Insulin receptor,True,False
INSRR,IRR,TK,InsR,,P14616,3645,IRR,Insulin receptor-related protein,True,False
TYK2,TYK2,TK,Jak,,P29597,7297,,Non-receptor tyrosine-protein kinase TYK2,True,False
JAK1,Domain2_JAK1,TK,JakB,,P23458,3716,JAK1A JAK1B,Tyrosine-protein kinase JAK1,True,False
JAK2,Domain2_JAK2,TK,JakB,,O60674,3717,,Tyrosine-protein kinase JAK2,True,False
JAK3,Domain2_JAK3,TK,JakB,,P52333,3718,,Tyrosine-protein kinase JAK3,True,False
AATK,LMR1,TK,Lmr,,Q6ZMQ8,9625,AATYK KIAA0641 LMR1 LMTK1,Serine/threonine-protein kinase LMTK1,True,False
LMTK2,LMR2,TK,Lmr,,Q8IWU2,22853,AATYK2 BREK KIAA1079 KPI2 LMR2,Serine/threonine-protein kinase LMTK2,True,False
LMTK3,LMR3,TK,Lmr,,Q96Q04,114783,KIAA1883 TYKLM3,Serine/threonine-protein kinase LMTK3,True,False
MET,MET,TK,Met,,P08581,4233,,Hepatocyte growth factor receptor,True,False
MST1R,RON,TK,Met,,Q04912,4486,PTK8 RON,Macrophage-stimulating protein receptor,True,False
MUSK,MUSK,TK,Musk,,O15146,4593,,Muscle,True,False
CSF1R,FMS,TK,PDGFR,,P07333,1436,FMS,Macrophage colony-stimulating factor 1 receptor,True,False
FLT3,FLT3,TK,PDGFR,,P36888,2322,CD135 FLK2 STK1,Receptor-type tyrosine-protein kinase FLT3,True,False
KIT,KIT,TK,PDGFR,,P10721,3815,SCFR,Mast/stem cell growth factor receptor Kit,True,False
PDGFRA,PDGFRa,TK,PDGFR,,P16234,5156,PDGFR2 RHEPDGFRA,Platelet-derived growth factor receptor alpha,True,False
PDGFRB,PDGFRb,TK,PDGFR,,P09619,5159,PDGFR PDGFR1,Platelet-derived growth factor receptor beta,True,False
RET,RET,TK,Ret,,P07949,5979,CDHF12 CDHR16 PTC,Proto-oncogene tyrosine-protein kinase receptor Ret,True,False
ROR1,ROR1,TK,Ror,,Q01973,4919,NTRKR1,Tyrosine-protein kinase transmembrane receptor ROR1,True,False
ROR2,ROR2,TK,Ror,,Q01974,4920,NTRKR2,Tyrosine-protein kinase transmembrane receptor ROR2,True,False
RYK,RYK,TK,Ryk,,P34925,6259,JTK5A,Tyrosine-protein kinase RYK,True,False
ROS1,ROS,TK,Sev,,P08922,6098,MCF3 ROS,Proto-oncogene tyrosine-protein kinase ROS,True,False
BLK,BLK,TK,Src,,P51451,640,,Tyrosine-protein kinase Blk,True,False
FGR,FGR,TK,Src,,P09769,2268,SRC2,Tyrosine-protein kinase Fgr,True,False
FRK,FRK,TK,Src,,P42685,2444,PTK5 RAK,Tyrosine-protein kinase FRK,True,False
FYN,FYN,TK,Src,,P06241,2534,,Tyrosine-protein kinase Fyn,True,False
HCK,HCK,TK,Src,,P08631,3055,,Tyrosine-protein kinase HCK,True,False
LCK,LCK,TK,Src,,P06239,3932,,Tyrosine-protein kinase Lck,True,False
LYN,LYN,TK,Src,,P07948,4067,JTK8,Tyrosine-protein kinase Lyn,True,False
PTK6,BRK,TK,Src,,Q13882,5753,BRK,Protein-tyrosine kinase 6,True,False
SRC,SRC,TK,Src,,P12931,6714,SRC1,Proto-oncogene tyrosine-protein kinase Src,True,False
SRMS,SRM,TK,Src,,Q9H3Y6,6725,C20orf148,Tyrosine-protein kinase Srms,True,False
YES1,YES,TK,Src,,P07947,7525,YES,Tyrosine-protein kinase Yes,True,False
SYK,SYK,TK,Syk,,P43405,6850,,Tyrosine-protein kinase SYK,True,False
ZAP70,ZAP70,TK,Syk,,P43403,7535,SRK,Tyrosine-protein kinase ZAP-70,True,False
STYK1,SuRTK106,TK,TK-Unique,,Q6J9G0,55359,NOK,Tyrosine-protein kinase STYK1,True,False
BMX,BMX,TK,Tec,,P51813,660,,Cytoplasmic tyrosine-protein kinase BMX,True,False
BTK,BTK,TK,Tec,,Q06187,695,AGMX1 ATK BPK,Tyrosine-protein kinase BTK,True,False
ITK,ITK,TK,Tec,,Q08881,3702,EMT LYK,Tyrosine-protein kinase ITK/TSK,True,False
TEC,TEC,TK,Tec,,P42680,7006,PSCTK4,Tyrosine-protein kinase Tec,True,False
TXK,TXK,TK,Tec,,P42681,7294,PTK4 RLK,Tyrosine-protein kinase TXK,True,False
TEK,TIE2,TK,Tie,,Q02763,7010,TIE2 VMCM VMCM1,Angiopoietin-1 receptor,True,False
TIE1,TIE1,TK,Tie,,P35590,7075,TIE,Tyrosine-protein kinase receptor Tie-1,True,False
NTRK1,TRKA,TK,Trk,,P04629,4914,MTC TRK TRKA,High affinity nerve growth factor receptor,True,False
NTRK2,TRKB,TK,Trk,,Q16620,4915,TRKB,BDNF/NT-3 growth factors receptor,True,False
NTRK3,TRKC,TK,Trk,,Q16288,4916,TRKC,NT-3 growth factor receptor,True,False
FLT1,FLT1,TK,VEGFR,,P17948,2321,FLT FRT VEGFR1,Vascular endothelial growth factor receptor 1,True,False
FLT4,FLT4,TK,VEGFR,,P35916,2324,VEGFR3,Vascular endothelial growth factor receptor 3,True,False
KDR,KDR,TK,VEGFR,,P35968,3791,FLK1 VEGFR2,Vascular endothelial growth factor receptor 2,True,False
IRAK1,IRAK1,TKL,IRAK,,P51617,3654,IRAK,Interleukin-1 receptor-associated kinase 1,True,False
IRAK2,IRAK2,TKL,IRAK,,O43187,3656,,Interleukin-1 receptor-associated kinase-like 2,True,False
IRAK3,IRAK3,TKL,IRAK,,Q9Y616,11213,,Interleukin-1 receptor-associated kinase 3,True,False
IRAK4,IRAK4,TKL,IRAK,,Q9NWZ3,51135,,Interleukin-1 receptor-associated kinase 4,True,False
LIMK1,LIMK1,TKL,LISK,LIMK,P53667,3984,LIMK,LIM domain kinase 1,True,False
LIMK2,LIMK2,TKL,LISK,LIMK,P53671,3985,,LIM domain kinase 2,True,False
TESK1,TESK1,TKL,LISK,TESK,Q15569,7016,,Dual specificity testis-specific protein kinase 1,True,False
TESK2,TESK2,TKL,LISK,TESK,Q96S53,10420,,Dual-specificity testis-specific protein kinase 2,True,False
LRRK1,LRRK1,TKL,LRRK,,Q38SD2,79705,KIAA1790,Leucine-rich repeat serine/threonine-protein kinase 1,True,False
LRRK2,LRRK2,TKL,LRRK,,Q5S007,120892,PARK8,Leucine-rich repeat serine/threonine-protein kinase 2,True,False
ILK,ILK,TKL,MLK,ILK,Q13418,3611,ILK1 ILK2,Integrin-linked protein kinase,True,False
MAP3K10,MLK2,TKL,MLK,MLK,Q02779,4294,MLK2 MST,Mitogen-activated protein kinase kinase kinase 10,True,False
MAP3K11,MLK3,TKL,MLK,MLK,Q16584,4296,MLK3 PTK1 SPRK,Mitogen-activated protein kinase kinase kinase 11,True,False
MAP3K12,DLK,TKL,MLK,LZK,Q12852,7786,ZPK,Mitogen-activated protein kinase kinase kinase 12,True,False
MAP3K13,LZK,TKL,MLK,LZK,O43283,9175,LZK,Mitogen-activated protein kinase kinase kinase 13,True,False
MAP3K20,ZAK,TKL,MLK,ZAK,Q9NYL2,51776,MLK7 MLTK ZAK,Mitogen-activated protein kinase kinase kinase MLT,True,False
MAP3K21,MLK4,TKL,MLK,MLK,Q5TCX8,84451,KIAA1804 MLK4,Mitogen-activated protein kinase kinase kinase MLK4,True,False
MAP3K7,TAK1,TKL,MLK,TAK1,O43318,6885,TAK1,Mitogen-activated protein kinase kinase kinase 7,True,False
MAP3K9,MLK1,TKL,MLK,MLK,P80192,4293,MLK1 PRKE1,Mitogen-activated protein kinase kinase kinase 9,True,False
TNNI3K,HH498,TKL,MLK,HH498,Q59H18,100526835,CARK,Serine/threonine-protein kinase TNNI3K,True,False
ARAF,ARAF,TKL,RAF,,P10398,369,ARAF1 PKS PKS2,Serine/threonine-protein kinase A-Raf,True,False
BRAF,BRAF,TKL,RAF,,P15056,673,BRAF1 RAFB1,Serine/threonine-protein kinase B-raf,True,False
KSR1,KSR1,TKL,RAF,KSR,Q8IVT5,8844,KSR,Kinase suppressor of Ras 1,True,False
KSR2,KSR2,TKL,RAF,,Q6VAB6,283455,,Kinase suppressor of Ras 2,True,False
RAF1,RAF1,TKL,RAF,,P04049,5894,RAF,RAF proto-oncogene serine/threonine-protein kinase,True,False
ANKK1,SgK288,TKL,RIPK,,Q8NFD2,255239,PKK2 SGK288,Ankyrin repeat and protein kinase domain-containing protein 1,True,False
RIPK1,RIPK1,TKL,RIPK,,Q13546,8737,RIP RIP1,Receptor-interacting serine/threonine-protein kinase 1,True,False
RIPK2,RIPK2,TKL,RIPK,,O43353,8767,CARDIAK RICK RIP2,Receptor-interacting serine/threonine-protein kinase 2,True,False
RIPK3,RIPK3,TKL,RIPK,,Q9Y572,11035,RIP3,Receptor-interacting serine/threonine-protein kinase 3,True,False
RIPK4,ANKRD3,TKL,RIPK,,P57078,,ANKRD3 DIK,Receptor-interacting serine/threonine-protein kinase 4,True,False
ACVR1,ALK2,TKL,STKR,STKR1,Q04771,90,ACVRLK2,Activin receptor type-1,True,False
ACVR1B,ALK4,TKL,STKR,STKR1,P36896,91,ACVRLK4 ALK4,Activin receptor type-1B,True,False
ACVR1C,ALK7,TKL,STKR,STKR1,Q8NER5,130399,ALK7,Activin receptor type-1C,True,False
ACVR2A,ACTR2,TKL,STKR,STKR2,P27037,92,ACVR2,Activin receptor type-2A,True,False
ACVR2B,ACTR2B,TKL,STKR,STKR2,Q13705,93,,Activin receptor type-2B,True,False
ACVRL1,ALK1,TKL,STKR,STKR1,P37023,94,ACVRLK1 ALK1,Serine/threonine-protein kinase receptor R3,True,False
AMHR2,MISR2,TKL,STKR,STKR2,Q16671,269,AMHR MISR2,Anti-Muellerian hormone type-2 receptor,True,False
BMPR1A,BMPR1A,TKL,STKR,STKR1,P36894,657,ACVRLK3 ALK3,Bone morphogenetic protein receptor type-1A,True,False
BMPR1B,BMPR1B,TKL,STKR,STKR1,O00238,658,,Bone morphogenetic protein receptor type-1B,True,False
BMPR2,BMPR2,TKL,STKR,STKR2,Q13873,659,PPH1,Bone morphogenetic protein receptor type-2,True,False
TGFBR1,TGFbR1,TKL,STKR,STKR1,P36897,7046,ALK5 SKR4,TGF-beta receptor type-1,True,False
TGFBR2,TGFbR2,TKL,STKR,STKR2,P37173,7048,,TGF-beta receptor type-2,True,False
MLKL,MLKL,TKL,TKL-Unique,,Q8NB16,197259,,Mixed lineage kinase domain-like protein,True,False
