sgRNA_id,Kinome_Symbol,guide,ot_20,ot_pam,n_mm,cfd,mit_hit,chrom,pos,strand,ot_gene
IRAK2_1,IRAK2,AAAACCGCAAAATCAGCCAG,AGAACTGCAAAAACAGCCAG,TGG,3,0.5142857142945056,0.6771027397260273,3,12582096,-,MKRN2
CDK11B_1,CDK11B,AAAAGAGAAAAGAGAAACGT,AAAAGAGAAAAGAAAAATGT,AGG,2,0.48214285724999995,0.17559367088607594,1,1719352,-,CDK11A
CDK18_1,CDK18,AAAGACTTACTCCAATGAGG,AAAGACATACTCCAATGAGG,TGG,1,0.875,68.30000000000001,X,47226610,+,CDK16
BCR_1,BCR,AACTCCGTAGTTGTCCACGA,AACTCCGAAGTTGTCCACGG,AGG,2,0.6117647056000001,4.21436170212766,11,1102518,-,MUC2
MAP2K2_1,MAP2K2,AAGCACCAGATCATGCACCG,AAGCACAAGATCATGCACAG,AGG,2,0.32142857175,2.1743377659574468,15,66444685,+,MAP2K1
PRKACB_1,PRKACB,AAGCATACTCCAGTCGAACA,CAGCACAATCCAGTCGAACA,GGG,3,0.5064935063584417,1.5768175582990394,19,17162392,-,MYO9B
EPHB2_1,EPHB2,AAGCTGCAACACTACACCAG,AAGTTCCAACACAACACCAG,GGG,3,0.3776223775552448,0.6419285714285715,2,97675651,-,C2orf92
MAP2K3_1,MAP2K3,AAGCTGTCGGTGATCCACAG,AAGTTGTCGGTGAACCACAC,AGG,3,0.21224489815510203,0.20820582010582012,17,7408612,-,NLGN2
ACVR2B_1,ACVR2B,ACAAGCCGTCTATTGCCCAC,ACAGGCCATGTATTGCCCAC,CGG,3,0.24305555562499997,2.3425702811244986,4,109870385,-,LRIT3
OBSCN_1,OBSCN,ACACACACACGAGTACTCCG,GCACACACACAAGTACTCCC,CGG,3,0.428571429,0.8571666666666665,1,228292101,-,OBSCN
OBSCN_1,OBSCN,ACACACACACGAGTACTCCG,GCACACACACGAGTACTCCC,CGG,2,0.428571429,10.425,1,228294355,-,OBSCN
OBSCN_1,OBSCN,ACACACACACGAGTACTCCG,ACACACGCACGAGTACTCCC,CGG,2,0.30252100873109244,3.1461680232558145,1,228304506,-,OBSCN
MAP3K5_1,MAP3K5,ACAGTCAGGAATTAATTATG,TCTGTCAGGAAATAATTATG,TGG,3,0.5647058824000001,1.402911415525114,14,22922558,+,PRMT5
PINK1_1,PINK1,ACATCATCTTGATGGCCAAG,ACATCATTGTGGTGGCCAAG,CGG,3,0.39120370355324074,0.729454406130268,17,32936413,+,TMEM98
MARK3_1,MARK3,ACTGTTGAAAACAATCGGCA,CCTGTTGAAAACAATCAGAA,TGG,3,0.34285714302040815,0.4339406779661016,1,232428563,+,SIPA1L2
CAMK2D_2,CAMK2D,AGAATATAGAGAATGACACC,AGGATATGGAGAATGATACC,AGG,3,0.2091358024854321,1.1961177446102818,17,49817901,-,KAT7
TTN_2,TTN,AGAGGTTCAATAAAGTACGG,AGAGGTTCAATAAAAGATGG,AGG,3,0.2094376212474143,0.02143089937578027,2,178746833,+,TTN
PINK1_2,PINK1,AGCACTGCAGCCCTTACCAA,ATCACTGCAGCCCTTATCAA,GGG,2,0.2969696970121212,5.225,2,27461284,-,IFT172
PINK1_2,PINK1,AGCACTGCAGCCCTTACCAA,AGCTCTGCAGCCTATACCAA,GGG,3,0.27575757557878783,0.16231066666666671,5,157163647,+,GARIN3
GSK3B_1,GSK3B,AGGTCCTGGGAACTCCAACA,TGGTCCTGGGAGCTCAAACA,GGG,3,0.7222222220000001,0.27484717948717957,14,64741870,-,PLEKHG3
BRD4_2,BRD4,AGTCGATTTCAATCTCGTCG,AGTCAATTTCTATCTCGTCG,GGG,2,0.2666666670358975,3.7130281690140836,9,134036115,+,BRD3
MOS_2,MOS,AGTGCACAATGCTTTGCGAG,GGTGGAGAATGCTTTGCGAG,TGG,3,0.282352941,1.737215528781794,9,105374668,+,SLC44A1
BMPR1A_1,BMPR1A,ATAGCACTTTAAAAAAGGCA,ATAGCACTGGAAAAAAGACA,TGG,3,0.21428571417399264,0.3023968606060605,1,237819018,-,RYR2
HCK_2,HCK,ATCCGGACCCTGGACAACGG,ATCCGTAATCTGGACAACGG,TGG,3,0.37916666685625,0.8768345817727838,1,32275978,+,LCK
ITK_3,ITK,ATCCTCAGGAACTCGCACTG,ATCCCCAGGAACTCACACGG,TGG,3,0.23529411774999998,0.26599999999999996,22,37241570,+,RAC2
TGFBR1_2,TGFBR1,ATGGGCAAGACCGCTCGCCG,ACGGGAAAGGCCGCTCGCCG,CGG,3,0.44217687123242644,1.4890147679324897,7,149765849,+,ZNF467
PRP4K_2,PRP4K,ATTATGCTTGGCTTTCACTG,GTTATGCTTGGGCTTCACTG,GGG,3,0.3508771925380117,0.5661464788732393,4,76739503,-,SHROOM3
AKT3_2,AKT3,ATTTCATGTAGATACTCCAG,TTTTCATGTAGATACTAAAG,AGG,3,0.2512820512461538,0.26115482695810555,5,111446676,-,CAMK4
TAF1L_1,TAF1L,CAAAACAGGTGTCATCAGGG,GAAAACAGGAGTCATCAAGG,AGG,3,0.5418060195809843,0.6247366120218576,X,71382629,+,TAF1
BRD4_3,BRD4,CACCAAACTCCTGAGCATCA,CCCCAAGCTCATGAGCATCA,TGG,3,0.4159663867405462,1.0392835497835498,6,13365560,-,GFOD1
OBSCN_3,OBSCN,CAGCTCGAAAGTGCGCATGG,CAGCTCGAAAGTGCGAATGG,AGG,1,1.0,17.200000000000003,1,228264257,+,OBSCN
OBSCN_3,OBSCN,CAGCTCGAAAGTGCGCATGG,CAGCTCAAAAGTACGCATGG,AGG,2,0.923076923,1.7683447183098593,1,228245554,+,OBSCN
OBSCN_3,OBSCN,CAGCTCGAAAGTGCGCATGG,CAGTTCGAAAGTGCGCATAG,AGG,2,0.5714285712000001,4.274999999999999,1,228246669,+,OBSCN
OBSCN_3,OBSCN,CAGCTCGAAAGTGCGCATGG,CAGCTCAAAAGTGCACATGG,AGG,2,0.9411764709999999,1.3800936507936508,1,228273413,+,OBSCN
OBSCN_3,OBSCN,CAGCTCGAAAGTGCGCATGG,CAGCTCGAAAGTTCGAATGG,AGG,2,0.3,0.38093855421686756,1,228250106,+,OBSCN
OBSCN_3,OBSCN,CAGCTCGAAAGTGCGCATGG,CAGCTCGAAAGTGTGCATGG,AGG,1,0.7333333329999999,14.900000000000002,1,228224600,+,OBSCN
MAPK4_2,MAPK4,CAGCTGTTAGGCGATCCATG,CTGCTGTTAACCGATCCATG,GGG,3,0.290909090987013,1.4014350649350649,15,52061332,-,MAPK6
CAMK1_1,CAMK1,CATCCAGGGCTACAATGTTG,CATGCACGGCTACAATGTTT,AGG,3,0.24062499999999998,0.9543931216931216,5,13944429,-,DNAH5
MAP2K1_1,MAP2K1,CATCCTAGTCAACTCCCGTG,CATCCCCATCAACTCCCGTG,GGG,3,0.3977272726875001,0.9586184371184372,10,277401,-,DIP2C
CDK18_3,CDK18,CATGAGCATGCACAACGTCA,CATGAGTATGCACAACGTAA,AGG,2,0.3482142860625,2.1743377659574468,12,96297268,-,CDK17
STK26_1,STK26,CCAAAATGGAGTTCCCACAA,ACAAAATGGGGGTCCCACAA,AGG,3,0.27777777800000003,1.310427397260274,5,81335767,+,ACOT12
PRKCB_2,PRKCB,CCACAGTGGTCACAAAACGT,GCACAGTTGTCACAAAAAGT,GGG,3,0.3072742471404682,0.6783242258652092,15,38501149,+,RASGRP1
PBK_2,PBK,CCACTGGATGAAAATATGAC,CCAGTGGATGAAAATATGTC,AGG,2,0.269230769,4.274999999999999,1,45824480,-,MAST2
BRSK1_1,BRSK1,CCATGCTCTCTAGGACGTCG,GCATGCTCCCTAGGACATCG,TGG,3,0.7866220730073578,0.7882654320987654,5,149628795,+,ARHGEF37
MAP3K10_3,MAP3K10,CCCAACATAATTGCCCTTAG,CCCAACATCATTGCCCTAAG,AGG,2,0.38095238085714284,0.9641372881355932,14,70800863,-,MAP3K9
CDK16_1,CDK16,CCCACGCAAGATCTCCACTG,CCCATGCAGGACCTCCACTG,GGG,3,0.40191387554704944,0.7834880658436214,3,100568841,-,TMEM45A
PRKCZ_3,PRKCZ,CCCCACCCCCAGGTTCTACG,CCTCGCCCCCAGGTTCTACT,GGG,3,0.3465,1.4229650273224042,19,603531,+,HCN2
AMHR2_3,AMHR2,CCCCAGCAGGTAATCCGGGA,CCCCAACGGGAAATCCGGGA,AGG,3,0.5499999997499999,0.8339509803921566,11,101127810,+,PGR
AXL_1,AXL,CCCGAAGCCAATGTACCTCG,CACGATGCCAATGTACCTCC,TGG,3,0.22263450839888685,0.9027146892655368,10,43387215,+,HNRNPF
EPHA8_2,EPHA8,CCTCAAAATCGACACCATTG,CCTCATAGTAGACACCATTG,TGG,3,0.45396825375492067,1.3520938697318008,19,39885671,+,FCGBP
ADCK2_2,ADCK2,CCTGGTTGGATCAAATGCAG,CCTGCTGGGACCAAATGCAG,AGG,3,0.3081232495042016,0.9641546184738956,21,45505815,-,COL18A1
CSK_2,CSK,CGCACAGCGTGTAGTCTCCG,CGCCCAGCGTGTGGTCTCCA,CGG,3,0.2157928385725703,0.5407761904761905,7,100621035,+,TFR2
CDK11B_3,CDK11B,CTACATCGTGATGAACTATG,CTACATCGTGATGAACTACG,TGG,1,0.275862069,31.499999999999993,1,1704600,-,CDK11A
FLT4_3,FLT4,CTCACCTCTCACGAACACGT,CTCACCTCTCACAAGCACGT,AGG,2,0.59999999995,0.5662655172413792,1,24092941,+,MYOM3
NPR2_3,NPR2,CTCACCTGTAAACTCCCACG,CTCACCTGCAGGCTCCCACG,GGG,3,0.43333333316388895,0.39574950561797745,1,153686732,-,NPR1
IRAK4_3,IRAK4,CTCATGTGCCAAGAAAGTGG,CTCTTGTGCGAAGAAAGTGA,TGG,3,0.23200757569128785,1.286963492063492,8,35774311,-,UNC5D
TRIM66_2,TRIM66,CTGACTAGAAGCCAGATGCT,CTAACTCGAAACCAGATGCT,GGG,3,0.328125,0.9987909578059071,6,7880339,+,BMP6
MAPK15_4,MAPK15,CTGCCCCAGATACACCCTTG,CTGACCCAGAAACTCCCTTG,GGG,3,0.33684210498947365,0.23277111111111112,12,8058955,-,C3AR1
NEK9_2,NEK9,CTGTGTGTGAAGATCGTGCA,CGGAGTGTGAAGATCGAGCA,AGG,3,0.21333333311466665,1.2504273504273504,19,17993493,+,KCNN1
PRKCB_3,PRKCB,CTTGCTGGATGTGATACATG,CTTGCTGAATGTGGTACATG,AGG,2,0.46666666700000003,0.9968309859154929,17,66738804,-,PRKCA
TNNI3K_3,TNNI3K,GAACCAGGCGAATGTGACCG,GATACAGGCCAATGTGACCG,TGG,3,0.23777089780804955,2.3668057613168725,17,6095171,+,WSCD1
MAP4K5_3,MAP4K5,GAATCTCAATGAGCTACATG,GAATCTTAATGACCTACATG,AGG,2,0.34210526350000003,1.7683447183098593,17,42955959,+,AARSD1
FES_2,FES,GACTGGATGATGAAGTGCCG,GTCTGGATGAAGAAGTGCAG,CGG,3,0.23376623391233767,0.6050409836065571,9,34372497,+,MYORG
TLK2_4,TLK2,GAGCCTCATTTACTGAACAG,GCGCTTCATTTACTGAACAA,TGG,3,0.4687499999025974,1.4920903954802263,2,171049845,-,TLK1
CSNK1A1L_3,CSNK1A1L,GAGGGAAATACAAACTGGTG,GAGGGAAATATAAACTGGTA,CGG,2,0.28846153875,1.8632478813559326,5,149550901,-,CSNK1A1
STRADA_4,STRADA,GATATGGCACGATATTGGGA,CAGATGGCATGATATTGGGA,GGG,3,0.33613445379411766,2.48975670995671,4,122934183,+,SPATA5
MOK_3,MOK,GATCTCGTAGAACACACAGC,GATCAGGTAAAACACACAGC,AGG,3,0.23333333325,1.383907843137255,1,44141290,-,KLF18
MAPKAPK2_2,MAPKAPK2,GATCTTCAACAAGAGGACCC,CCTCTTCAGCAAGAGGACCC,AGG,3,0.37414966003741496,1.632770745428973,6,142771331,-,HIVEP2
STK32C_1,STK32C,GATGGGCTCGTCCATGTCGG,GATGAGCACGTCCTTGTCGG,TGG,3,0.36977777768888886,0.40851370851370855,6,34696519,+,ILRUN
STK32C_1,STK32C,GATGGGCTCGTCCATGTCGG,GCTGGGCTCGTCTATGTTGG,AGG,3,0.3535714287785714,0.2541777777777777,12,48921238,-,CCDC65
KALRN_3,KALRN,GCAGAATACGTACACCAATG,GCAGAACACATACACCAATG,CGG,2,0.6416666664375,3.599944879518073,5,14336531,+,TRIO
PKDCC_3,PKDCC,GCAGATCCGGGCGCGCTACG,CCAGCCCCGGGCGCGCTACG,AGG,3,0.3246753245129871,1.5026143790849669,15,73927466,+,LOXL1
HIPK4_4,HIPK4,GCAGGGTGACTGTACGGATG,GCAGGGTGACTCCTCGGATG,AGG,3,0.22291021664334365,0.06581608351648353,11,20626754,-,SLC6A5
FRK_4,FRK,GCAGTGAAAACATTAAAACC,GCAATCAAAACACTAAAACC,AGG,3,0.48444976076555024,0.6419285714285715,18,743048,-,YES1
AATK_3,AATK,GCATAGCAACCTGCTCGTCG,GCTTAGCAACCTGCTCGACG,CGG,2,0.47058823556862744,2.6227599999999995,3,32818424,+,TRIM71
RPS6KA6_2,RPS6KA6,GCATCGCTTGCAAACAGAGT,ACATCTCTTGCAAACAGAGT,AGG,2,0.6000000003,3.8316666666666666,X,20172781,+,RPS6KA3
PTK6_4,PTK6,GCCGACGCACAGCTTCCGAG,GCAGATCCACAGCTTCCGAG,AGG,3,0.5532738099919644,0.988655148148148,7,98212848,+,BHLHA15
CDK9_2,CDK9,GCGGTTATAGGGGGAAGCTG,GCAGGTACAGGGGGAAGCTG,GGG,3,0.48,2.4488888888888884,16,16068298,+,ABCC1
PRKCQ_3,PRKCQ,GCTCCATCAAAAATGAAGCA,ATTCCATGAAAAATGAAGCA,GGG,3,0.5259740260383118,2.6063100137174207,3,47909794,-,MAP4
STK17A_3,STK17A,GCTGACAGAGATACGCGCCG,GCTGCCAGGGACACGCGCCG,AGG,3,0.3157894738245614,0.7834880658436214,8,133029912,-,TG
MKNK2_3,MKNK2,GCTGATTGAGTTCTTCGAGG,GCTGAGTGAGTCCTTCGAGA,AGG,3,0.5075187965836465,0.39110450746268655,20,58999523,-,CTSZ
MKNK2_3,MKNK2,GCTGATTGAGTTCTTCGAGG,GCTGAGCGATTTCTTCGAGG,TGG,3,0.3191964283320312,0.9234801130268198,5,111224605,+,CAMK4
STK32A_3,STK32A,GCTGGCACCAAGCCTTACAT,GCTGGCACCAAGCCCTACAT,GGG,1,0.272727273,26.8,4,5416912,+,STK32B
BLK_3,BLK,GCTGGTCCGACTCTACGCAG,GCTGGTTCGGCTCTACGCTG,TGG,3,0.24305555554166666,0.5891740774647887,1,32276718,+,LCK
LCK_4,LCK,GCTGGTTCGGCTCTACGCTG,GCTCGTGAGGCTCTACGCTG,TGG,3,0.202422145400692,1.6573435504469987,8,55966826,+,LYN
TSSK1B_4,TSSK1B,GGAGAAGGTTGTCACACTTG,GGAGAAGGTTCTCGCACTTG,AGG,2,0.20000000034285717,0.4732545180722892,22,19131806,-,TSSK2
CDK19_3,CDK19,GGAGAGAAGCACCTACCAAG,GAAGAAAAGCACTTACCAAG,AGG,3,0.5923076921999999,0.6771027397260273,3,47987366,+,MAP4
STK3_3,STK3,GGATGTATATCAGCATAAGG,GGATGGATATCAGCATAAGG,GGG,1,0.571428571,60.5,20,44995227,-,STK4
PRKX_4,PRKX,GGCGCTTCTCCAGCACCACG,GGCGGTTCAGCAGCACCACG,GGG,3,0.2166666668285714,1.3976325490196075,10,1363248,+,ADARB2
PIM3_4,PIM3,GGCTTCGGCACGGTCTACGC,GGCTTCGGCTCGGTCTACTC,AGG,2,0.5882352942941176,2.3356716101694914,6,37170831,+,PIM1
CDK3_2,CDK3,GGTGGATGACCCGATGTGAG,GGTGGAGGACCCGATGAGAA,TGG,3,0.2941176468161764,0.3354899299516909,12,55968815,-,CDK2
POMK_3,POMK,GTAGAGCAGAGTATTCATCA,GTAGATCAGAGGATTCAACA,TGG,3,0.22222222244444445,0.17347196244131446,11,55993755,+,OR5F1
PDK4_3,PDK4,GTAGTCCCTACAATGGCACA,GTGGTTCCTACAATGGCACA,AGG,2,0.5674603176190477,3.4138765060240965,X,24503369,+,PDK3
SRC_2,SRC,GTCACGGAGTACATGAGCAA,GTCACCGAGTATATGAACAA,AGG,3,0.342657342332634,0.33141292237442915,6,111696275,-,FYN
MAP3K20_2,MAP3K20,GTGACAATGCCATAGTTGGG,GTGACAATGCAAATGTTGGG,AGG,3,0.27692307662692306,0.07591215168539325,9,35802556,-,NPR2
ROS1_2,ROS1,GTGCACACCATACCTCCATG,GTAAACACCATACCTCCATT,AGG,3,0.4421052630749999,1.4229650273224042,6,137871769,+,TNFAIP3
NEK2_4,NEK2,GTGGTCATACCGTATTGCAT,GTGGTCATACAGTATTGCAA,GGG,2,0.421875,1.8632478813559326,1,180043110,-,CEP350
RPS6KA6_4,RPS6KA6,GTTGATGAGCCAATGGAAGA,TTTGATAAGCCAAAGGAAGA,TGG,3,0.6190476189999999,0.31136441223832534,13,102733336,-,CCDC168
NRBP2_4,NRBP2,TAAACCAAGGGAACATGCCA,AGAAGCAAGGGAACATGCCA,AGG,3,0.48,2.4265644955300125,1,207049051,-,YOD1
TAF1_3,TAF1,TATTATTATCCCAAGCAACA,TATTATTTCCCCAAGCAACA,GGG,2,0.39560439596703295,3.1892857142857145,9,32633786,-,TAF1L
NUAK2_3,NUAK2,TATTCCCATTGGCATCCAAG,TTTGCCCACTGGCATCCAAG,GGG,3,0.41958041938811186,1.592455418381344,19,53050801,-,ERVV-2
NUAK2_3,NUAK2,TATTCCCATTGGCATCCAAG,CATTATCATTGGCATCCAAG,AGG,3,0.45481049541982516,1.5026143790849669,5,141956167,+,PCDH12
SRMS_3,SRMS,TCACGGAACTCATGCGCAAG,ACACGGAACTCACCCGCAAG,GGG,3,0.3383458649097745,0.17642463768115943,X,53552297,+,HUWE1
TAF1L_4,TAF1L,TCCTGGGCCTAACTCCAGAA,TCCTGGGCCTAACTCCAAAA,GGG,1,0.692307692,19.599999999999994,X,71387409,+,TAF1
CDC7_3,CDC7,TCCTGGTGTACCTGCCCTAG,CCCTGCTGGACCTGCCCTAG,GGG,3,0.3617810760751391,0.9878263009845287,1,1327743,+,CPTP
CSNK1E_3,CSNK1E,TCCTTCGGAGATATCTACCT,TCCTTCGGAGACATCTATCT,CGG,2,0.6090225564924812,0.6451436619718307,17,82273304,-,CSNK1D
CSNK1E_3,CSNK1E,TCCTTCGGAGATATCTACCT,TGCTTCTGAAATATCTACCT,GGG,3,0.37101449238923395,1.680986919831224,1,153662529,-,ILF2
WEE1_4,WEE1,TCTACGACGACACTGTCCTG,TCTACGACATCACTGTCCTA,GGG,3,0.5317752100958508,0.678617612328767,3,24144850,+,THRB
BRSK1_4,BRSK1,TCTCGGGCTTTAGGTCTCTG,TTTCCGGCTTTAGGTCCCTG,TGG,3,0.5042016808472116,1.2504273504273504,19,2042632,+,MKNK2
CDK2_4,CDK2,TCTGAGGTTTAAGGTCTCGG,TCTGGGGCTTCAGGTCTCGG,TGG,3,0.288,1.4116465863453815,17,76002303,-,CDK3
DCLK3_4,DCLK3,TCTGGAAGAGAGGCACGCAA,TCTGGAAGAGAGGAAAGCAG,AGG,3,0.2676470587,0.027182147791164672,17,28367480,+,VTN
TAF1_4,TAF1,TCTGGTATATGGACGCTGGG,TCTGGTGTATGGACGCTGGG,AGG,1,0.705882353,68.30000000000001,9,32634078,-,TAF1L
CSNK1E_4,CSNK1E,TGAGGGCGACTACAACGTGA,AGAGGGGGACTACAACGTCA,TGG,3,0.21095334669168359,0.7698220338983051,17,82255523,-,CSNK1D
MAP3K11_3,MAP3K11,TGATGGAGTATGCAGCCGGT,TAATGGAATATGCTGCCGGT,GGG,3,0.4512820509179487,0.44303599374021907,1,88813660,+,PKN2
OBSCN_4,OBSCN,TGCCGGGGAGTATAGCTGCG,CGCCGGGGAGTACAGCTGCA,AGG,3,0.6343984959656955,0.5977,1,228264329,+,OBSCN
OBSCN_4,OBSCN,TGCCGGGGAGTATAGCTGCG,GGCCGGGGAGTACAGCTGCG,AGG,2,0.7551487411144165,3.9111702127659576,1,228268743,+,OBSCN
OBSCN_4,OBSCN,TGCCGGGGAGTATAGCTGCG,TGCCGGGGACTACAGCTGCG,AGG,2,0.31578947360000004,2.0397930722891573,1,228243396,+,OBSCN
OBSCN_4,OBSCN,TGCCGGGGAGTATAGCTGCG,TGCTGGGGAGTACAGCTGTG,AGG,3,0.2914979759222673,0.39593076923076914,1,228244509,+,OBSCN
OBSCN_4,OBSCN,TGCCGGGGAGTATAGCTGCG,TGCTGGGGAGTACAGCTGCG,AGG,2,0.6315789472000001,3.1156779661016953,1,228245626,+,OBSCN
OBSCN_4,OBSCN,TGCCGGGGAGTATAGCTGCG,CGCCGGGGAGTACAGCTGCG,AGG,2,0.6766917290300752,3.9111702127659576,1,228272159,+,OBSCN
OBSCN_4,OBSCN,TGCCGGGGAGTATAGCTGCG,TGCTGGGGAGTACAGCTGTG,AGG,3,0.2914979759222673,0.39593076923076914,1,228273485,+,OBSCN
OBSCN_4,OBSCN,TGCCGGGGAGTATAGCTGCG,CACCGGGGAGTATAGCTGCG,AGG,2,0.7252747250219781,5.219780219780221,1,228250178,+,OBSCN
OBSCN_4,OBSCN,TGCCGGGGAGTATAGCTGCG,CGCCGGGGAGTACAGCTGCG,AGG,2,0.6766917290300752,3.9111702127659576,1,228256864,+,OBSCN
CDK3_4,CDK3,TGGACGTGGTGCACAACGAG,TGGAGGTGGTGCACAACGTG,CGG,2,0.32307692279999994,3.8365384615384612,5,192184,+,LRRC14B
STK4_3,STK4,TGGATCGTTATGGAGTACTG,TGGATTGTTATGGAGTACTG,TGG,1,0.9285714290000001,60.5,8,98749318,-,STK3
STK3_4,STK3,TGGATTGTTATGGAGTACTG,TGGATTTGTATGGAATACTG,TGG,3,0.3943977588011204,0.48914711673699013,14,50485606,-,MAP4K5
STK3_4,STK3,TGGATTGTTATGGAGTACTG,TGGATCGTTATGGAGTACTG,TGG,1,0.9090909090000001,60.5,20,44981877,+,STK4
MYLK2_4,MYLK2,TGGCTGGCCTGGGATCCGTG,TGGCTTACCTGGGATCCCTG,GGG,3,0.3174603174920635,0.24081575273865405,1,40301803,+,COL9A2
SBK1_3,SBK1,TGGTGATGCTCACCTCCCGT,CAGTGATGCTCACCTCCCAT,AGG,3,0.5180533748084774,1.1271186440677965,19,1063841,+,ABCA7
AKT1_3,AKT1,TGTCATGGAGTACGCCAACG,TGTGATGGAGTATGCCAACG,GGG,2,0.35,3.1156779661016953,19,40238909,-,AKT2
CDK16_4,CDK16,TTACTAGGCTGACACGACGG,TGACGAGGATGACACGACGG,AGG,3,0.4607999999232,1.592455418381344,19,12866686,+,MAST1
PAK2_4,PAK2,TTCCAGAAGAGAAAAAGCCC,TACCATAAAAGAAAAAGCCC,AGG,3,0.3626373628333333,0.9634355281207131,18,59296750,-,CPLX4
CSNK1A1_4,CSNK1A1,TTGCTCTCGTACAGCAACTG,TTGCTCTCATACAGCAACTG,GGG,1,0.642857143,61.1,13,37105071,+,CSNK1A1L
MKNK2_4,MKNK2,TTGGACTTTCTGCATAACAA,TTGTATTTTCTACATAACAA,AGG,3,0.3151515154995671,0.795434599156118,12,96598745,+,CFAP54
CDK7_4,CDK7,TTTCCATAAAATCAAAGACA,TTTCTATTAAAACAAAGACA,TGG,3,0.2181818182753247,1.282304526748971,8,12736794,+,LONRF1
